Workbook

Sheet Ozet
A1: ŞANLIURFA HRS 1. ETAP – MEP BÜTÇE ÇALIŞMASI (ELEKTRİK, MEKANİK, ASANSÖR, SİNYALİZASYON, ELEKTRİFİKASYON)
A2: İKN 2026/1327584 • Teklif sahibi: ÖZVER İNŞAAT A.Ş. • Hazırlayan: MEP Center • 06.10.2026 • EUR, KDV hariç, montaj+test+devreye alma dahil (taşeron fiyatı), Şanlıurfa şantiye teslim. Miktarlar RFQ cetvelleri + idare cevapları (05.10.2026) ile düzeltilmiştir.
A4: Disiplin | B4: Kapsam | C4: Kalem bazlı bütçe EUR | D4: Risk payı EUR | E4: Önerilen bütçe EUR | F4: Önerilen bütçe USD | G4: Önerilen bütçe TL | H4: Pay % | I4: RFQ cetvel miktarlarıyla (şişirmeli) EUR | J4: Referans / teklif kıyası EUR | K4: Teklife dayanan % | L4: Geçmiş teklif uyarlaması % | M4: Mühendislik tahmini %
A5: 1 ELEKTRİK | B5: AG tesisat, aydınlatma, yangın ihbar, topraklama, kontrol-haberleşme, SCADA | C5: =SUMIF($A$15:$A$21,$A5,D$15:D$21) | D5: =E5-C5 | E5: =SUMIF($A$15:$A$21,$A5,F$15:F$21) | F5: =E5*Varsayimlar!$B$4 | G5: =E5*Varsayimlar!$B$5 | H5: =E5/$E$10 | I5: =SUMIF($A$15:$A$21,$A5,G$15:G$21) | J5: =SUMIF($A$15:$A$21,$A5,H$15:H$21) | K5: =IF(C5=0,0,SUMIF($A$15:$A$21,$A5,K$15:K$21)/C5) | L5: =IF(C5=0,0,SUMIF($A$15:$A$21,$A5,L$15:L$21)/C5) | M5: =IF(C5=0,0,SUMIF($A$15:$A$21,$A5,M$15:M$21)/C5)
A6: 2 MEKANİK | B6: HVAC, yangın söndürme, drenaj, sıhhi tesisat, basınçlı hava | C6: =SUMIF($A$15:$A$21,$A6,D$15:D$21) | D6: =E6-C6 | E6: =SUMIF($A$15:$A$21,$A6,F$15:F$21) | F6: =E6*Varsayimlar!$B$4 | G6: =E6*Varsayimlar!$B$5 | H6: =E6/$E$10 | I6: =SUMIF($A$15:$A$21,$A6,G$15:G$21) | J6: =SUMIF($A$15:$A$21,$A6,H$15:H$21) | K6: =IF(C6=0,0,SUMIF($A$15:$A$21,$A6,K$15:K$21)/C6) | L6: =IF(C6=0,0,SUMIF($A$15:$A$21,$A6,L$15:L$21)/C6) | M6: =IF(C6=0,0,SUMIF($A$15:$A$21,$A6,M$15:M$21)/C6)
A7: 3 ASANSÖR | B7: 13 asansör | C7: =SUMIF($A$15:$A$21,$A7,D$15:D$21) | D7: =E7-C7 | E7: =SUMIF($A$15:$A$21,$A7,F$15:F$21) | F7: =E7*Varsayimlar!$B$4 | G7: =E7*Varsayimlar!$B$5 | H7: =E7/$E$10 | I7: =SUMIF($A$15:$A$21,$A7,G$15:G$21) | J7: =SUMIF($A$15:$A$21,$A7,H$15:H$21) | K7: =IF(C7=0,0,SUMIF($A$15:$A$21,$A7,K$15:K$21)/C7) | L7: =IF(C7=0,0,SUMIF($A$15:$A$21,$A7,L$15:L$21)/C7) | M7: =IF(C7=0,0,SUMIF($A$15:$A$21,$A7,M$15:M$21)/C7)
A8: 4 SİNYALİZASYON | B8: Sinyalizasyon + araç takip (AVLS) | C8: =SUMIF($A$15:$A$21,$A8,D$15:D$21) | D8: =E8-C8 | E8: =SUMIF($A$15:$A$21,$A8,F$15:F$21) | F8: =E8*Varsayimlar!$B$4 | G8: =E8*Varsayimlar!$B$5 | H8: =E8/$E$10 | I8: =SUMIF($A$15:$A$21,$A8,G$15:G$21) | J8: =SUMIF($A$15:$A$21,$A8,H$15:H$21) | K8: =IF(C8=0,0,SUMIF($A$15:$A$21,$A8,K$15:K$21)/C8) | L8: =IF(C8=0,0,SUMIF($A$15:$A$21,$A8,L$15:L$21)/C8) | M8: =IF(C8=0,0,SUMIF($A$15:$A$21,$A8,M$15:M$21)/C8)
A9: 5 ELEKTRİFİKASYON | B9: Güç temini/cer gücü + katener | C9: =SUMIF($A$15:$A$21,$A9,D$15:D$21) | D9: =E9-C9 | E9: =SUMIF($A$15:$A$21,$A9,F$15:F$21) | F9: =E9*Varsayimlar!$B$4 | G9: =E9*Varsayimlar!$B$5 | H9: =E9/$E$10 | I9: =SUMIF($A$15:$A$21,$A9,G$15:G$21) | J9: =SUMIF($A$15:$A$21,$A9,H$15:H$21) | K9: =IF(C9=0,0,SUMIF($A$15:$A$21,$A9,K$15:K$21)/C9) | L9: =IF(C9=0,0,SUMIF($A$15:$A$21,$A9,L$15:L$21)/C9) | M9: =IF(C9=0,0,SUMIF($A$15:$A$21,$A9,M$15:M$21)/C9)
A10: TOPLAM MEP | C10: =SUM(C5:C9) | D10: =SUM(D5:D9) | E10: =SUM(E5:E9) | F10: =SUM(F5:F9) | G10: =SUM(G5:G9) | H10: =SUM(H5:H9) | I10: =SUM(I5:I9) | J10: =SUM(J5:J9) | K10: =SUMPRODUCT(C5:C9,K5:K9)/C10 | L10: =SUMPRODUCT(C5:C9,L5:L9)/C10 | M10: =SUMPRODUCT(C5:C9,M5:M9)/C10
A13: ALT KIRILIM (disiplin içi)
A14: Disiplin | B14: Alt kalem | C14: Cetvel sıraları | D14: Kalem bazlı EUR | E14: Risk % | F14: Önerilen EUR | G14: RFQ miktarlarıyla EUR | H14: Kıyas EUR | I14: Kıyas kaynağı | J14: Açıklama | K14: 2026 teklifine dayanan EUR | L14: Geçmiş teklif uyarlaması EUR | M14: Mühendislik tahmini EUR
A15: 1 ELEKTRİK | B15: AG dağıtım, AG kablolar, iç tesisat-aydınlatma, UPS, yangın ihbar, topraklama | C15: 180–186, 190–196, 198–199, 211–218, 322–342 | D15: ='Elektrik_AG'!$J$675 | E15: =Varsayimlar!$B$19 | F15: =D15*(1+E15) | G15: ='Elektrik_AG'!$J$676 | J15: İstasyon/depo ADP, AG besleme kabloları, aydınlatma, UPS'ler, yangın ihbar | K15: ='Elektrik_AG'!$J$680 | L15: ='Elektrik_AG'!$J$681 | M15: ='Elektrik_AG'!$J$682
A16: 1 ELEKTRİK | B16: Kontrol ve haberleşme (fiber, telefon, telsiz, anons, CCTV, saat, erişim, SCADA, YBS, turnike) | C16: 236–321 | D16: ='Haberlesme'!$J$543 | E16: =Varsayimlar!$B$20 | F16: =D16*(1+E16) | G16: ='Haberlesme'!$J$544 | H16: =Teklifler!F14 | I16: Referans kalem bazlı | J16: ON Elektronik (saat+YBS) ve Teknomaks (CCTV) teklifleri ekte/bekleniyor | K16: ='Haberlesme'!$J$548 | L16: ='Haberlesme'!$J$549 | M16: ='Haberlesme'!$J$550
A17: 2 MEKANİK | B17: Isıtma-soğutma, havalandırma, yangın söndürme, drenaj, sıhhi tesisat, basınçlı hava | C17: 159–168, 343–363 | D17: ='Mekanik'!$J$321 | E17: =Varsayimlar!$B$18 | F17: =D17*(1+E17) | G17: ='Mekanik'!$J$322 | J17: Asansör hariç (ayrı disiplin) | K17: ='Mekanik'!$J$326 | L17: ='Mekanik'!$J$327 | M17: ='Mekanik'!$J$328
A18: 3 ASANSÖR | B18: 13 asansör (12 üst geçit 1000 kg + 1 idari bina 800 kg) | C18: 364–365 | D18: ='Asansor'!$J$13 | E18: =Varsayimlar!$B$14 | F18: =D18*(1+E18) | G18: ='Asansor'!$J$14 | H18: =MIN(Teklifler!F4:F6) | I18: En düşük teklif (Emlift, sapmalı) | J18: 3 teklifin medyanı (Schindler 480.000 USD, TK 414.200 EUR, Emlift 19,5 M TL); bakım hariç | K18: ='Asansor'!$J$18 | L18: ='Asansor'!$J$19 | M18: ='Asansor'!$J$20
A19: 4 SİNYALİZASYON | B19: Hat boyu + depo sinyalizasyon, araç üstü, merkez, araç takip (AVLS) | C19: 228–235 | D19: ='Sinyal'!$J$95 | E19: =Varsayimlar!$B$15 | F19: =D19*(1+E19) | G19: ='Sinyal'!$J$96 | H19: =Teklifler!F8 | I19: Sistem bazlı ref. (makas başı) | J19: AVLS 233–235 Mukan Rail teklifiyle; Point Link 7,28 M€ kıyas dışı (Gmail'de bulunamadı) | K19: ='Sinyal'!$J$100 | L19: ='Sinyal'!$J$101 | M19: ='Sinyal'!$J$102
A20: 5 ELEKTRİFİKASYON | B20: Güç temini ve cer gücü (OG ring, TEİAŞ bağlantısı, 34,5 kV hücreler, 5 cer TM, kaçak akım) | C20: 169–179, 187–189, 197, 200–210, 219, 227 | D20: ='Cer_Guc'!$J$125 | E20: =Varsayimlar!$B$17 | F20: =D20*(1+E20) | G20: ='Cer_Guc'!$J$126 | H20: =Teklifler!F12 | I20: Sistem bazlı ref. (5 TM; yalnız OG+trafo+DC) | K20: ='Cer_Guc'!$J$130 | L20: ='Cer_Guc'!$J$131 | M20: ='Cer_Guc'!$J$132
A21: 5 ELEKTRİFİKASYON | B21: Katener (hat boyu, depo, direkler) | C21: 220–226 | D21: ='Katener'!$J$96 | E21: =Varsayimlar!$B$16 | F21: =D21*(1+E21) | G21: ='Katener'!$J$97 | H21: =Teklifler!F10 | I21: Sistem bazlı ref. (km başı) | J21: Direk temelleri inşaatta; ana hatta lente yok | K21: ='Katener'!$J$101 | L21: ='Katener'!$J$102 | M21: ='Katener'!$J$103
A24: CETVEL SIRASI BAZINDA DÖKÜM (risk payı hariç, EUR)
A25: Disiplin | B25: Sıra | C25: Kalem | D25: Tutar EUR
A26: 1 Elektrik – AG/aydınlatma/yangın | B26: 180 | C26: Göbekli Tepe İstasyonu Ag Ana Dağıtım Panoları (400 V) (1 set) | D26: ='Elektrik_AG'!J5
A27: 1 Elektrik – AG/aydınlatma/yangın | B27: 181 | C27: Hızmalı Köprüsü İstasyonu Ag Ana Dağıtım Panoları (400 V) (1 set) | D27: ='Elektrik_AG'!J14
A28: 1 Elektrik – AG/aydınlatma/yangın | B28: 182 | C28: Balıklıgöl İstasyonu Ag Ana Dağıtım Panoları (400 V) (1 set) | D28: ='Elektrik_AG'!J22
A29: 1 Elektrik – AG/aydınlatma/yangın | B29: 183 | C29: Eyüp Peygamber İstasyonu Ag Ana Dağıtım Panoları (400 V) (1 set) | D29: ='Elektrik_AG'!J30
A30: 1 Elektrik – AG/aydınlatma/yangın | B30: 184 | C30: Rasathane İstasyonu Ag Ana Dağıtım Panoları (400 V) (1 set) | D30: ='Elektrik_AG'!J38
A31: 1 Elektrik – AG/aydınlatma/yangın | B31: 185 | C31: Harran İstasyonu Ag Ana Dağıtım Panoları (400 V) (1 set) | D31: ='Elektrik_AG'!J46
A32: 1 Elektrik – AG/aydınlatma/yangın | B32: 186 | C32: Depo Sahası ve Tesisleri Ag Ana Dağıtım Panoları (400 V) (1 set) | D32: ='Elektrik_AG'!J54
A33: 1 Elektrik – AG/aydınlatma/yangın | B33: 190 | C33: Göbekli Tepe İstasyonu Topraklama Tesisatı (1 set) | D33: ='Elektrik_AG'!J71
A34: 1 Elektrik – AG/aydınlatma/yangın | B34: 191 | C34: Hızmalı Köprüsü İstasyonu Topraklama Tesisatı (1 set) | D34: ='Elektrik_AG'!J80
A35: 1 Elektrik – AG/aydınlatma/yangın | B35: 192 | C35: Balıklıgöl İstasyonu Topraklama Tesisatı (1 set) | D35: ='Elektrik_AG'!J89
A36: 1 Elektrik – AG/aydınlatma/yangın | B36: 193 | C36: Eyüp Peygamber İstasyonu Topraklama Tesisatı (1 set) | D36: ='Elektrik_AG'!J98
A37: 1 Elektrik – AG/aydınlatma/yangın | B37: 194 | C37: Rasathane İstasyonu Topraklama Tesisatı (1 set) | D37: ='Elektrik_AG'!J107
A38: 1 Elektrik – AG/aydınlatma/yangın | B38: 195 | C38: Depo Sahası ve Topraklama Tesisatı (1 set) | D38: ='Elektrik_AG'!J116
A39: 1 Elektrik – AG/aydınlatma/yangın | B39: 196 | C39: Harran İstasyonu Topraklama Tesisatı (1 set) | D39: ='Elektrik_AG'!J134
A40: 1 Elektrik – AG/aydınlatma/yangın | B40: 198 | C40: Sanat Yapıları (Üst Geçit) Topraklama Tesisatı (4 set) | D40: ='Elektrik_AG'!J143
A41: 1 Elektrik – AG/aydınlatma/yangın | B41: 199 | C41: Hat Boyu Topraklama Tesisatı (1 set) | D41: ='Elektrik_AG'!J151
A42: 1 Elektrik – AG/aydınlatma/yangın | B42: 211 | C42: Göbekli Tepe İstasyonu Alçak Gerilim Besleme-Dağıtım Kabloları ve Kablo Taşıma Sistemleri (1 set) | D42: ='Elektrik_AG'!J159
A43: 1 Elektrik – AG/aydınlatma/yangın | B43: 212 | C43: Hızmalı Köprüsü İstasyonu Alçak Gerilim Besleme-Dağıtım Kabloları ve Kablo Taşıma Sistemleri (1 set) | D43: ='Elektrik_AG'!J169
A44: 1 Elektrik – AG/aydınlatma/yangın | B44: 213 | C44: Balıklıgöl İstasyonu Alçak Gerilim Besleme-Dağıtım Kabloları ve Kablo Taşıma Sistemleri (1 set) | D44: ='Elektrik_AG'!J182
A45: 1 Elektrik – AG/aydınlatma/yangın | B45: 214 | C45: Eyüp Peygamber İstasyonu Alçak Gerilim Besleme-Dağıtım Kabloları ve Kablo Taşıma Sistemleri (1 set) | D45: ='Elektrik_AG'!J195
A46: 1 Elektrik – AG/aydınlatma/yangın | B46: 215 | C46: Rasathane İstasyonu Alçak Gerilim Besleme-Dağıtım Kabloları ve Kablo Taşıma Sistemleri (1 set) | D46: ='Elektrik_AG'!J208
A47: 1 Elektrik – AG/aydınlatma/yangın | B47: 216 | C47: Depo Sahası ve Tesisleri Alçak Gerilim Besleme-Dağıtım Kabloları ve Kablo Taşıma Sistemleri (1 set) | D47: ='Elektrik_AG'!J221
A48: 1 Elektrik – AG/aydınlatma/yangın | B48: 217 | C48: Harran İstasyonu Alçak Gerilim Besleme-Dağıtım Kabloları ve Kablo Taşıma Sistemleri (1 set) | D48: ='Elektrik_AG'!J254
A49: 1 Elektrik – AG/aydınlatma/yangın | B49: 218 | C49: Hat Boyu Alçak Gerilim Besleme-Dağıtım Kabloları ve Kablo Taşıma Sistemleri (1 set) | D49: ='Elektrik_AG'!J264
A50: 1 Elektrik – AG/aydınlatma/yangın | B50: 322 | C50: Alçak Gerilim Tesisatı ve Aydınlatma Sistemi Tasarımı (1 set) | D50: ='Elektrik_AG'!J276
A51: 1 Elektrik – AG/aydınlatma/yangın | B51: 323 | C51: Göbekli Tepe İstasyonu Alçak Gerilim Tesisatı ve Aydınlatma Sistemi (1 set) | D51: ='Elektrik_AG'!J285
A52: 1 Elektrik – AG/aydınlatma/yangın | B52: 324 | C52: Hızmalı Köprüsü İstasyonu Alçak Gerilim Tesisatı ve Aydınlatma Sistemi (1 set) | D52: ='Elektrik_AG'!J305
A53: 1 Elektrik – AG/aydınlatma/yangın | B53: 325 | C53: Balıklıgöl İstasyonu Alçak Gerilim Tesisatı ve Aydınlatma Sistemi (1 set) | D53: ='Elektrik_AG'!J326
A54: 1 Elektrik – AG/aydınlatma/yangın | B54: 326 | C54: Eyüp Peygamber İstasyonu Alçak Gerilim Tesisatı ve Aydınlatma Sistemi (1 set) | D54: ='Elektrik_AG'!J347
A55: 1 Elektrik – AG/aydınlatma/yangın | B55: 327 | C55: Rasathane İstasyonu Alçak Gerilim Tesisatı ve Aydınlatma Sistemi (1 set) | D55: ='Elektrik_AG'!J368
A56: 1 Elektrik – AG/aydınlatma/yangın | B56: 328 | C56: Harran İstasyonu Alçak Gerilim Tesisatı ve Aydınlatma Sistemi (1 set) | D56: ='Elektrik_AG'!J389
A57: 1 Elektrik – AG/aydınlatma/yangın | B57: 329 | C57: Depo Sahası ve Tesisleri Alçak Gerilim Tesisatı ve Aydınlatma Sistemi (1 set) | D57: ='Elektrik_AG'!J409
A58: 1 Elektrik – AG/aydınlatma/yangın | B58: 330 | C58: Depo Çevre AG Tesisatı ve Aydınlatma Sistemi (1 set) | D58: ='Elektrik_AG'!J480
A59: 1 Elektrik – AG/aydınlatma/yangın | B59: 331 | C59: Hat Trafo Binaları Alçak Gerilim Tesisatı ve Aydınlatma Sistemi (4 set) | D59: ='Elektrik_AG'!J490
A60: 1 Elektrik – AG/aydınlatma/yangın | B60: 332 | C60: Hatboyu Ag Tesisatı ve Aydınlatma Sistemi (1 set) | D60: ='Elektrik_AG'!J505
A61: 1 Elektrik – AG/aydınlatma/yangın | B61: 333 | C61: Yangın İhbar ve Kontrol Sistemi Tasarımı (1 set) | D61: ='Elektrik_AG'!J518
A62: 1 Elektrik – AG/aydınlatma/yangın | B62: 334 | C62: Göbekli Tepe İstasyonu Yangın İhbar ve Kontrol Sistemi (1 set) | D62: ='Elektrik_AG'!J524
A63: 1 Elektrik – AG/aydınlatma/yangın | B63: 335 | C63: Hızmalı Köprüsü İstasyonu Yangın İhbar ve Kontrol Sistemi (1 set) | D63: ='Elektrik_AG'!J538
A64: 1 Elektrik – AG/aydınlatma/yangın | B64: 336 | C64: Balıklıgöl İstasyonu Yangın İhbar ve Kontrol Sistemi (1 set) | D64: ='Elektrik_AG'!J552
A65: 1 Elektrik – AG/aydınlatma/yangın | B65: 337 | C65: Eyüp Peygamber İstasyonu Yangın İhbar ve Kontrol Sistemi (1 set) | D65: ='Elektrik_AG'!J566
A66: 1 Elektrik – AG/aydınlatma/yangın | B66: 338 | C66: Rasathane İstasyonu Yangın İhbar ve Kontrol Sistemi (1 set) | D66: ='Elektrik_AG'!J580
A67: 1 Elektrik – AG/aydınlatma/yangın | B67: 339 | C67: Harran İstasyonu Yangın İhbar ve Kontrol Sistemi (1 set) | D67: ='Elektrik_AG'!J594
A68: 1 Elektrik – AG/aydınlatma/yangın | B68: 340 | C68: Depo Sahası ve Tesisleri Yangın İhbar ve Kontrol Sistemi (1 set) | D68: ='Elektrik_AG'!J608
A69: 1 Elektrik – AG/aydınlatma/yangın | B69: 341 | C69: Hat Trafo Binaları Yangın İhbar ve Kontrol Sistemi (4 set) | D69: ='Elektrik_AG'!J654
A70: 1 Elektrik – AG/aydınlatma/yangın | B70: 342 | C70: Yangın İhbar ve Kontrol Sistemi Merkezi Donanımı&Yazılımı (1 set) | D70: ='Elektrik_AG'!J665
A71: 1 Elektrik – haberleşme/SCADA | B71: 236 | C71: İletim Sistemi Tasarımı (1 set) | D71: ='Haberlesme'!J5
A72: 1 Elektrik – haberleşme/SCADA | B72: 237 | C72: Göbekli Tepe İstasyonu İletim Sistemi (1 set) | D72: ='Haberlesme'!J8
A73: 1 Elektrik – haberleşme/SCADA | B73: 238 | C73: Hızmalı Köprüsü İstasyonu İletim Sistemi (1 set) | D73: ='Haberlesme'!J20
A74: 1 Elektrik – haberleşme/SCADA | B74: 239 | C74: Balıklıgöl İstasyonu İletim Sistemi (1 set) | D74: ='Haberlesme'!J31
A75: 1 Elektrik – haberleşme/SCADA | B75: 240 | C75: Eyüp Peygamber İstasyonu İletim Sistemi (1 set) | D75: ='Haberlesme'!J42
A76: 1 Elektrik – haberleşme/SCADA | B76: 241 | C76: Rasathane İstasyonu İletim Sistemi (1 set) | D76: ='Haberlesme'!J53
A77: 1 Elektrik – haberleşme/SCADA | B77: 242 | C77: Harran İstasyonu İletim Sistemi (1 set) | D77: ='Haberlesme'!J64
A78: 1 Elektrik – haberleşme/SCADA | B78: 243 | C78: Depo Sahası ve Tesisleri İletim Sistemi (1 set) | D78: ='Haberlesme'!J75
A79: 1 Elektrik – haberleşme/SCADA | B79: 244 | C79: Hat Trafo Binaları İletim Sistemi (4 set) | D79: ='Haberlesme'!J85
A80: 1 Elektrik – haberleşme/SCADA | B80: 245 | C80: Hatboyu İletim Sistemi (1 set) | D80: ='Haberlesme'!J92
A81: 1 Elektrik – haberleşme/SCADA | B81: 246 | C81: İletim Sistemi Merkezi Donanımı&Yazılımı (1 set) | D81: ='Haberlesme'!J98
A82: 1 Elektrik – haberleşme/SCADA | B82: 247 | C82: Hatboyu Fiberoptik Ağı (1 set) | D82: ='Haberlesme'!J107
A83: 1 Elektrik – haberleşme/SCADA | B83: 248 | C83: Telefon Sistemi Tasarımı (1 set) | D83: ='Haberlesme'!J114
A84: 1 Elektrik – haberleşme/SCADA | B84: 249 | C84: Göbekli Tepe İstasyonu Telefon Sistemi (1 set) | D84: ='Haberlesme'!J117
A85: 1 Elektrik – haberleşme/SCADA | B85: 250 | C85: Hızmalı Köprüsü İstasyonu Telefon Sistemi (1 set) | D85: ='Haberlesme'!J123
A86: 1 Elektrik – haberleşme/SCADA | B86: 251 | C86: Balıklıgöl İstasyonu Telefon Sistemi (1 set) | D86: ='Haberlesme'!J129
A87: 1 Elektrik – haberleşme/SCADA | B87: 252 | C87: Eyüp Peygamber İstasyonu Telefon Sistemi (1 set) | D87: ='Haberlesme'!J135
A88: 1 Elektrik – haberleşme/SCADA | B88: 253 | C88: Rasathane İstasyonu Telefon Sistemi (1 set) | D88: ='Haberlesme'!J141
A89: 1 Elektrik – haberleşme/SCADA | B89: 254 | C89: Harran İstasyonu Telefon Sistemi (1 set) | D89: ='Haberlesme'!J147
A90: 1 Elektrik – haberleşme/SCADA | B90: 255 | C90: Depo Sahası ve Tesisleri Telefon Sistemi (1 set) | D90: ='Haberlesme'!J153
A91: 1 Elektrik – haberleşme/SCADA | B91: 256 | C91: Hat Trafo Binaları Telefon Sistemi (4 set) | D91: ='Haberlesme'!J159
A92: 1 Elektrik – haberleşme/SCADA | B92: 257 | C92: Telefon Sistemi Merkezi Donanımı&Yazılımı (1 set) | D92: ='Haberlesme'!J163
A93: 1 Elektrik – haberleşme/SCADA | B93: 258 | C93: Telsiz Sistemi Tasarımı (1 set) | D93: ='Haberlesme'!J169
A94: 1 Elektrik – haberleşme/SCADA | B94: 259 | C94: Hat Boyu Telsiz Sistemi (1 set) | D94: ='Haberlesme'!J172
A95: 1 Elektrik – haberleşme/SCADA | B95: 260 | C95: Telsiz Sistemi Merkezi Donanımı&Yazılımı (1 set) | D95: ='Haberlesme'!J181
A96: 1 Elektrik – haberleşme/SCADA | B96: 261 | C96: Anons Sistemi Tasarımı (1 set) | D96: ='Haberlesme'!J188
A97: 1 Elektrik – haberleşme/SCADA | B97: 262 | C97: Göbekli Tepe İstasyonu Anons Sistemi (1 set) | D97: ='Haberlesme'!J191
A98: 1 Elektrik – haberleşme/SCADA | B98: 263 | C98: Hızmalı Köprüsü İstasyonu Anons Sistemi (1 set) | D98: ='Haberlesme'!J197
A99: 1 Elektrik – haberleşme/SCADA | B99: 264 | C99: Balıklıgöl İstasyonu Anons Sistemi (1 set) | D99: ='Haberlesme'!J203
A100: 1 Elektrik – haberleşme/SCADA | B100: 265 | C100: Eyüp Peygamber İstasyonu Anons Sistemi (1 set) | D100: ='Haberlesme'!J209
A101: 1 Elektrik – haberleşme/SCADA | B101: 266 | C101: Rasathane İstasyonu Anons Sistemi (1 set) | D101: ='Haberlesme'!J215
A102: 1 Elektrik – haberleşme/SCADA | B102: 267 | C102: Harran İstasyonu Anons Sistemi (1 set) | D102: ='Haberlesme'!J221
A103: 1 Elektrik – haberleşme/SCADA | B103: 268 | C103: Depo Sahası ve Tesisleri Anons Sistemi (1 set) | D103: ='Haberlesme'!J227
A104: 1 Elektrik – haberleşme/SCADA | B104: 269 | C104: Anons Sistemi Merkez Donanımı&Yazılımı (1 set) | D104: ='Haberlesme'!J237
A105: 1 Elektrik – haberleşme/SCADA | B105: 270 | C105: Kapalı Devre Televizyon Sistemi (CCTV) Tasarımı (1 set) | D105: ='Haberlesme'!J242
...

Sheet Teklif_Degerlendirme
A1: GELEN TEKLİFLERİN DEĞERLENDİRMESİ (06.10.2026 itibarıyla okunabilen teklifler)
A2: Tutarlar KDV hariç. EUR karşılığı Varsayımlar sayfasındaki kurla. 'Bütçe karşılığı' = aynı kapsam için bu çalışmadaki kalem bazlı tutar (net metraj, idare cevaplarına göre). Fark = teklif / bütçe − 1.
A4: Disiplin | B4: Firma | C4: Tarih | D4: Kapsam (cetvel sıra) | E4: Teklif tutarı | F4: PB | G4: Teklif EUR | H4: Bütçe karşılığı EUR | I4: Fark % | J4: Birim fiyat (EUR) | K4: Teknik uygunluk / sapmalar | L4: Ticari şartlar | M4: Bütçede kullanımı | N4: Değerlendirme
A5: Asansör | B5: Schindler Türkeli | C5: 01.10.2026 | D5: 364–365 (13 asansör) | E5: 480000 | F5: USD | G5: =E5/Varsayimlar!$B$4 | H5: ='Asansor'!$J$13 | I5: =IF(H5=0,"",G5/H5-1) | J5: 1000 kg: 37.000 USD; 800 kg: 36.000 USD | K5: Şartnameye uygun beyan; bakım hariç | L5: Geçerlilik/ödeme Excel'de belirtilmemiş | M5: Medyan hesabına dahil | N5: En yüksek teklif; kapsam tam
A6: Asansör | B6: TK Elevator | C6: 02.10.2026 | D6: 364–365 (13 asansör) | E6: 414200 | F6: EUR | G6: =E6 | H6: ='Asansor'!$J$13 | I6: =IF(H6=0,"",G6/H6-1) | J6: 1000 kg: 32.000 (24.000 malz.+8.000 işç.); 800 kg: 30.200 | K6: Antivandal CAT-2, dış ortam; kapı 900×2000 (talep 1100×2100); seyir 6 m (proje ~7,46 m) | L6: Geçerlilik 30 gün (talep 180); ödeme %50/%40/%10; teslim 8 ay; çelik işleri hariç; bakım 120 €/ay/adet | M6: Medyan = TK birim fiyatı (bütçe esası) | N6: Teknik olarak en uygun; geçerlilik süresi uzatılmalı, kapı ölçüsü teyit
A7: Asansör | B7: Emlift | C7: 05.10.2026 | D7: 364–365 (13 asansör) | E7: 19500000 | F7: TRY | G7: =E7/Varsayimlar!$B$5 | H7: ='Asansor'!$J$13 | I7: =IF(H7=0,"",G7/H7-1) | J7: 1.500.000 TL/adet (≈26.700 €) | K7: Teknik föy başka işten kopya (15 m seyir, 135×145 kabin); antivandal/dış ortam yok; kapı 900×2000 | L7: Geçerlilik ve ödeme şartı yok; kuyu aydınlatma, topraklama, MMO/belediye harçları hariç | M7: Medyan hesabına dahil (alt sınır) | N7: En düşük ama şartname sapmalı; teknik föy yenilenmeli
A8: Sinyalizasyon – AVLS | B8: Mukan Rail | C8: 06.10.2026 | D8: 233–235 (araç takip) | E8: 788000 | F8: EUR | G8: =E8 | H8: ='Sinyal'!J88+'Sinyal'!J90+'Sinyal'!J92 | I8: =IF(H8=0,"",G8/H8-1) | J8: Araç başı 21.300; merkez 314.500 (yazılım+lisans 172.500); tasarım 154.000 | K8: 11 soruya verilen varsayımlar esas; 2 sunucu + NAS; konum güncelleme ≤3 sn | L8: Bütçesel; 180 gün; %20 avans/%70 hakediş/%10 kabul; kabin, UPS, omurga, işletme SIM, yedek parça hariç | M8: Bütçeye işlendi (233: 14 araç) | N8: Tek teklif; H&K İzmir referansının ~2 katı – pazarlık payı var
A9: Elektrik – saat sistemi | B9: ON Elektronik (RayON) | C9: 06.10.2026 | D9: 281–289 (MSS) | E9: 81600 | F9: EUR | G9: =E10 | H9: ='Haberlesme'!J324+'Haberlesme'!J327+'Haberlesme'!J331+'Haberlesme'!J335+'Haberlesme'!J339+'Haberlesme'!J343+'Haberlesme'!J347+'Haberlesme'!J351+'Haberlesme'!J357 | I9: =IF(H9=0,"",G9/H9-1) | J9: Peron saati 3.000; master saat (Mobatime) 4.500; duvar saati 850–1.500 | K9: Üretici; şartnameye uygun beyan | L9: Kablolar ana yüklenicide (bütçede ayrıca var); geçerlilik belirtilmemiş | M9: Kalem kalem bütçeye işlendi | N9: Mevcut depo entegrasyonu (2.500) idare cevabıyla düşüldü
A10: Elektrik – yolcu bilgilendirme | B10: ON Elektronik (RayON) | C10: 06.10.2026 | D10: 310–317 (YBS) | E10: 171000 | F10: EUR | G10: =E11 | H10: ='Haberlesme'!J461+'Haberlesme'!J464+'Haberlesme'!J469+'Haberlesme'!J474+'Haberlesme'!J479+'Haberlesme'!J484+'Haberlesme'!J489+'Haberlesme'!J494 | I10: =IF(H10=0,"",G10/H10-1) | J10: 55" dış ortam ekran 3.500; askı 1.250; yazılım 25.000; tasarım+doküman 26.000 | K10: Medya oynatıcı ekrana dahil | L10: Kablolar ana yüklenicide; geçerlilik belirtilmemiş | M10: Kalem kalem bütçeye işlendi | N10: Mevcut depo entegrasyonu (11.000) idare cevabıyla düşüldü
A11: Sinyalizasyon (tümü) | B11: Point Link / CASCO (Çin) | C11: devir notu | D11: 228–235 | E11: 7281784 | F11: EUR | G11: =E12 | H11: ='Sinyal'!$J$95 | I11: =IF(H11=0,"",G11/H11-1) | J11: Kalem dökümü yok | K11: Yanıt 'AI asistan Eva' imzalı; mail Gmail'de bulunamadı | L11: DAP şantiye; KDV ve gümrük hariç | M11: Kullanılmadı | N11: Bütçenin ~1,8 katı; dökümsüz – yalnız üst sınır göstergesi
A12: Bilgi – MEP dışı | B12: Rayba Yapı (demiryolu üstyapı) | C12: 02.10 / 05.10.2026 | D12: Ray, makas, kruvazman; S-LINE bağlantı | E12: 19108311 | F12: EUR | J12: 42×R50 + 2×R100 makas + 3 kruvazman (= 56 makas, sinyal kabulüyle uyumlu); 17.231 m oluklu ray | K12: Beton/donatı hariç; 31.12.2026'ya kadar geçerli | M12: MEP bütçesine dahil değil | N12: Makas adedi sinyalizasyon/katener metrajını teyit ediyor
A14: TEKLİF DURUMU ÖZETİ (Gmail, 29.09–06.10.2026)
A15: Elektrik: ON Elektronik saat (81.600 €) ve YBS (171.000 €) teklifleri işlendi. Teknomaks (CCTV) ve Lev Müh. (yangın ihbar) çalışıyor; Best Transformer (trafo) dönmedi. Alfanar, Tema, EVA, DC Group vermiyor (Alfanar'dan RMU bütçesi istendi).
A16: Mekanik: Fiyatlı teklif yok. Ekura en geç 09.10 verecek; Protek (FM200) soru sordu. MET, Demta, Birleşim, Genç Müh. vermiyor.
A17: Asansör: 3 teklif (Schindler, TK, Emlift). Edoux verecek; Adakon (Orona) ithal ürünle bütçe verecek; KONE dönmedi.
A18: Sinyalizasyon: Mukan (AVLS) teklifi geldi. Hugotek ve İntetra dönecek; Alstom ve Savronik vermiyor (bütçe istendi); Hanning & Kahl dönmedi.
A19: Elektrifikasyon: Fiyatlı teklif yok. Mitaş (direk) verecek; DeSA (seksiyon izolatörü), Erbakır (iletken), Kambeton (beton direk) sorularına cevap verildi; Doruk ve KAM vermiyor.
A20: Ulaşmayan adres: 26 (mailer-daemon). Ayrıntı: Teklif_Durumu sayfası.

Sheet Elektrik_AG
A1: 1 ELEKTRİK (A) – AG dağıtım, topraklama, AG kablolar, AG tesisat-aydınlatma, yangın ihbar
A2: EUR, KDV hariç, montaj+test+devreye alma dahil (taşeron fiyatı), Ekim 2026. Turuncu miktar: idare cevabıyla (05.10.2026) değişen kalem. Metraj payı: RFQ'daki bilinçli şişirmenin (%10 fire, dağıtık malzemede %30) bütçeden geri alınması. Fiyat türü renkleri: yeşil = 2026 firma teklifi; mavi = geçmiş tekliften uyarlama (ECB kuru + Euro Bölgesi HICP ile Ağu-2026'ya taşınmış, gerekirse montaj/boyut düzeltmeli); sarı = mühendislik tahmini (emsal yok); gri = idare cevabıyla kapsam dışı.
A4: Sıra | B4: Poz | C4: Kalem / Alt kalem | D4: Birim | E4: Miktar (RFQ cetveli) | F4: Miktar (idare cevabına göre) | G4: Metraj payı geri alınan | H4: Net miktar (bütçe) | I4: Birim fiyat EUR (montaj dahil) | J4: Tutar EUR | K4: Fiyat türü | L4: Fiyat kaynağı / emsal (proje, firma, yıl, uyarlama) | M4: Not / düzeltme
A5: 180 | B5: 2006.A | C5: Göbekli Tepe İstasyonu Ag Ana Dağıtım Panoları (400 V) (1 set) | H5: RFQ tutarı → | I5: =SUMPRODUCT(E6:E13,I6:I13) | J5: =SUM(J6:J13)
B6: 2006.A | C6: ADP panosu: metal mahfazalı, TS EN 61439, IP54, 20x5 Cu bara | D6: adet | E6: 1 | F6: 1 | G6: - | H6: =F6 | I6: 2200 | J6: =H6*I6 | K6: MÜHENDİSLİK TAHMİNİ | L6: TAHMIN | M6: Boş pano gövdesi+bara
B7: 2006.A | C7: Ana giriş TMŞ 3x50 A 10 kA + RCD-D 300 mA | D7: adet | E7: 1 | F7: 1 | G7: - | H7: =F7 | I7: 350 | J7: =H7*I7 | K7: MÜHENDİSLİK TAHMİNİ | L7: TAHMIN | M7: TMŞ 50A+RCD-D
B8: 2006.A | C8: Çıkış TMŞ 3x32 A (APP-1, APP-2, SK-1, SK-2) | D8: adet | E8: 4 | F8: 4 | G8: - | H8: =F8 | I8: 130 | J8: =H8*I8 | K8: MÜHENDİSLİK TAHMİNİ | L8: TAHMIN | M8: Çıkış TMŞ 32A montajlı
B9: 2006.A | C9: Çıkış TMŞ 3x40 A (2 yedek + UPS besleme) | D9: adet | E9: 3 | F9: 3 | G9: - | H9: =F9 | I9: 140 | J9: =H9*I9 | K9: MÜHENDİSLİK TAHMİNİ | L9: TAHMIN | M9: Çıkış TMŞ 40A montajlı
B10: 2006.A | C10: UPS ana dağıtım panosu (UDP): giriş TMŞ 3x32 A, 20x5 Cu bara, UK1-UK2 TMŞ 3x32 A, UK3 AOS 1x10 A, UK4 TMŞ 1x10 A, UK5-UK7 TMŞ 3x25 A | D10: adet | E10: 1 | F10: 1 | G10: - | H10: =F10 | I10: 2000 | J10: =H10*I10 | K10: MÜHENDİSLİK TAHMİNİ | L10: TAHMIN | M10: UDP komple
B11: 2006.A | C11: UPS-1 / UPS-2 dağıtım panoları (peron başına, UK01-UK13 AOS 1x10/16 A + KAKŞ) | D11: adet | E11: 2 | F11: 2 | G11: - | H11: =F11 | I11: 1200 | J11: =H11*I11 | K11: MÜHENDİSLİK TAHMİNİ | L11: TAHMIN | M11: Peron UPS tali panosu
B12: 2006.A | C12: Parafudr Tip 1+2 (giriş) | D12: adet | E12: 1 | F12: 1 | G12: - | H12: =F12 | I12: 650 | J12: =H12*I12 | K12: MÜHENDİSLİK TAHMİNİ | L12: TAHMIN | M12: SPD Tip1+2
B13: 2006.A | C13: Pano montaj, iç kablaj, test | D13: set | E13: 1 | F13: 1 | G13: - | H13: =F13 | I13: 800 | J13: =H13*I13 | K13: MÜHENDİSLİK TAHMİNİ | L13: TAHMIN | M13: Montaj/test götürü
A14: 181 | B14: 2006.B | C14: Hızmalı Köprüsü İstasyonu Ag Ana Dağıtım Panoları (400 V) (1 set) | H14: RFQ tutarı → | I14: =SUMPRODUCT(E15:E21,I15:I21) | J14: =SUM(J15:J21)
B15: 2006.B | C15: ADP panosu: metal mahfazalı, TS EN 61439-1/2, IP54, 20x5 Cu bara 3P+N+PE | D15: adet | E15: 1 | F15: 1 | G15: - | H15: =F15 | I15: 2500 | J15: =H15*I15 | K15: MÜHENDİSLİK TAHMİNİ | L15: TAHMIN | M15: Boş pano gövdesi+bara
B16: 2006.B | C16: Ana giriş TMŞ 3x125 A 10 kA + RCD-D 300 mA (toroid) | D16: adet | E16: 1 | F16: 1 | G16: - | H16: =F16 | I16: 550 | J16: =H16*I16 | K16: MÜHENDİSLİK TAHMİNİ | L16: TAHMIN | M16: TMŞ 125A+RCD-D toroid
B17: 2006.B | C17: Çıkış TMŞ 3x32 A (APP, UPS, SK, YMP-01/02/03, ASP-01/02/03) | D17: adet | E17: 9 | F17: 9 | G17: - | H17: =F17 | I17: 130 | J17: =H17*I17 | K17: MÜHENDİSLİK TAHMİNİ | L17: TAHMIN | M17: Çıkış TMŞ 32A montajlı
B18: 2006.B | C18: Çıkış TMŞ 3x40 A (yedek) | D18: adet | E18: 3 | F18: 3 | G18: - | H18: =F18 | I18: 140 | J18: =H18*I18 | K18: MÜHENDİSLİK TAHMİNİ | L18: TAHMIN | M18: Çıkış TMŞ 40A montajlı
B19: 2006.B | C19: Parafudr Tip 1+2 3+N+PE (giriş) | D19: adet | E19: 1 | F19: 1 | G19: - | H19: =F19 | I19: 650 | J19: =H19*I19 | K19: MÜHENDİSLİK TAHMİNİ | L19: TAHMIN | M19: SPD Tip1+2
B20: 2006.B | C20: UPS ana dağıtım panosu (UPS çıkışı, UK01-UK12): giriş AOS 3x25 A, 2 x KAKŞ 4x25 A 30 mA, ~12 AOS 1x10/16 A, 4 yedek | D20: adet | E20: 1 | F20: 1 | G20: - | H20: =F20 | I20: 1800 | J20: =H20*I20 | K20: MÜHENDİSLİK TAHMİNİ | L20: TAHMIN | M20: UDP komple
B21: 2006.B | C21: Pano montaj/kaide, etiketleme, iç kablaj, test ve devreye alma | D21: set | E21: 1 | F21: 1 | G21: - | H21: =F21 | I21: 800 | J21: =H21*I21 | K21: MÜHENDİSLİK TAHMİNİ | L21: TAHMIN | M21: Montaj/test götürü
A22: 182 | B22: 2006.C | C22: Balıklıgöl İstasyonu Ag Ana Dağıtım Panoları (400 V) (1 set) | H22: RFQ tutarı → | I22: =SUMPRODUCT(E23:E29,I23:I29) | J22: =SUM(J23:J29)
B23: 2006.C | C23: ADP panosu: metal mahfazalı, TS EN 61439-1/2, IP54, 20x5 Cu bara 3P+N+PE | D23: adet | E23: 1 | F23: 1 | G23: - | H23: =F23 | I23: 2500 | J23: =H23*I23 | K23: MÜHENDİSLİK TAHMİNİ | L23: TAHMIN | M23: Boş pano gövdesi+bara
B24: 2006.C | C24: Ana giriş TMŞ 3x125 A 10 kA + RCD-D 300 mA (toroid) | D24: adet | E24: 1 | F24: 1 | G24: - | H24: =F24 | I24: 550 | J24: =H24*I24 | K24: MÜHENDİSLİK TAHMİNİ | L24: TAHMIN | M24: TMŞ 125A+RCD-D toroid
B25: 2006.C | C25: Çıkış TMŞ 3x32 A (APP, UPS, SK, YMP-01/02/03, ASP-01/02/03) | D25: adet | E25: 9 | F25: 9 | G25: - | H25: =F25 | I25: 130 | J25: =H25*I25 | K25: MÜHENDİSLİK TAHMİNİ | L25: TAHMIN | M25: Çıkış TMŞ 32A montajlı
B26: 2006.C | C26: Çıkış TMŞ 3x40 A (yedek) | D26: adet | E26: 3 | F26: 3 | G26: - | H26: =F26 | I26: 140 | J26: =H26*I26 | K26: MÜHENDİSLİK TAHMİNİ | L26: TAHMIN | M26: Çıkış TMŞ 40A montajlı
B27: 2006.C | C27: Parafudr Tip 1+2 3+N+PE (giriş) | D27: adet | E27: 1 | F27: 1 | G27: - | H27: =F27 | I27: 650 | J27: =H27*I27 | K27: MÜHENDİSLİK TAHMİNİ | L27: TAHMIN | M27: SPD Tip1+2
B28: 2006.C | C28: UPS ana dağıtım panosu (UPS çıkışı, UK01-UK12): giriş AOS 3x25 A, 2 x KAKŞ 4x25 A 30 mA, ~12 AOS 1x10/16 A, 4 yedek | D28: adet | E28: 1 | F28: 1 | G28: - | H28: =F28 | I28: 1800 | J28: =H28*I28 | K28: MÜHENDİSLİK TAHMİNİ | L28: TAHMIN | M28: UDP komple
B29: 2006.C | C29: Pano montaj/kaide, etiketleme, iç kablaj, test ve devreye alma | D29: set | E29: 1 | F29: 1 | G29: - | H29: =F29 | I29: 800 | J29: =H29*I29 | K29: MÜHENDİSLİK TAHMİNİ | L29: TAHMIN | M29: Montaj/test götürü
A30: 183 | B30: 2006.D | C30: Eyüp Peygamber İstasyonu Ag Ana Dağıtım Panoları (400 V) (1 set) | H30: RFQ tutarı → | I30: =SUMPRODUCT(E31:E37,I31:I37) | J30: =SUM(J31:J37)
B31: 2006.D | C31: ADP panosu: metal mahfazalı, TS EN 61439-1/2, IP54, 20x5 Cu bara 3P+N+PE | D31: adet | E31: 1 | F31: 1 | G31: - | H31: =F31 | I31: 2500 | J31: =H31*I31 | K31: MÜHENDİSLİK TAHMİNİ | L31: TAHMIN | M31: Boş pano gövdesi+bara
B32: 2006.D | C32: Ana giriş TMŞ 3x125 A 10 kA + RCD-D 300 mA (toroid) | D32: adet | E32: 1 | F32: 1 | G32: - | H32: =F32 | I32: 550 | J32: =H32*I32 | K32: MÜHENDİSLİK TAHMİNİ | L32: TAHMIN | M32: TMŞ 125A+RCD-D toroid
B33: 2006.D | C33: Çıkış TMŞ 3x32 A (APP, UPS, SK, YMP-01/02/03, ASP-01/02/03) | D33: adet | E33: 9 | F33: 9 | G33: - | H33: =F33 | I33: 130 | J33: =H33*I33 | K33: MÜHENDİSLİK TAHMİNİ | L33: TAHMIN | M33: Çıkış TMŞ 32A montajlı
B34: 2006.D | C34: Çıkış TMŞ 3x40 A (yedek) | D34: adet | E34: 3 | F34: 3 | G34: - | H34: =F34 | I34: 140 | J34: =H34*I34 | K34: MÜHENDİSLİK TAHMİNİ | L34: TAHMIN | M34: Çıkış TMŞ 40A montajlı
B35: 2006.D | C35: Parafudr Tip 1+2 3+N+PE (giriş) | D35: adet | E35: 1 | F35: 1 | G35: - | H35: =F35 | I35: 650 | J35: =H35*I35 | K35: MÜHENDİSLİK TAHMİNİ | L35: TAHMIN | M35: SPD Tip1+2
B36: 2006.D | C36: UPS ana dağıtım panosu (UPS çıkışı, UK01-UK12): giriş AOS 3x25 A, 2 x KAKŞ 4x25 A 30 mA, ~12 AOS 1x10/16 A, 4 yedek | D36: adet | E36: 1 | F36: 1 | G36: - | H36: =F36 | I36: 1800 | J36: =H36*I36 | K36: MÜHENDİSLİK TAHMİNİ | L36: TAHMIN | M36: UDP komple
B37: 2006.D | C37: Pano montaj/kaide, etiketleme, iç kablaj, test ve devreye alma | D37: set | E37: 1 | F37: 1 | G37: - | H37: =F37 | I37: 800 | J37: =H37*I37 | K37: MÜHENDİSLİK TAHMİNİ | L37: TAHMIN | M37: Montaj/test götürü
A38: 184 | B38: 2006.E | C38: Rasathane İstasyonu Ag Ana Dağıtım Panoları (400 V) (1 set) | H38: RFQ tutarı → | I38: =SUMPRODUCT(E39:E45,I39:I45) | J38: =SUM(J39:J45)
B39: 2006.E | C39: ADP panosu: metal mahfazalı, TS EN 61439-1/2, IP54, 20x5 Cu bara 3P+N+PE | D39: adet | E39: 1 | F39: 1 | G39: - | H39: =F39 | I39: 2500 | J39: =H39*I39 | K39: MÜHENDİSLİK TAHMİNİ | L39: TAHMIN | M39: Boş pano gövdesi+bara
B40: 2006.E | C40: Ana giriş TMŞ 3x125 A 10 kA + RCD-D 300 mA (toroid) | D40: adet | E40: 1 | F40: 1 | G40: - | H40: =F40 | I40: 550 | J40: =H40*I40 | K40: MÜHENDİSLİK TAHMİNİ | L40: TAHMIN | M40: TMŞ 125A+RCD-D toroid
B41: 2006.E | C41: Çıkış TMŞ 3x32 A (APP, UPS, SK, YMP-01/02/03, ASP-01/02/03) | D41: adet | E41: 9 | F41: 9 | G41: - | H41: =F41 | I41: 130 | J41: =H41*I41 | K41: MÜHENDİSLİK TAHMİNİ | L41: TAHMIN | M41: Çıkış TMŞ 32A montajlı
B42: 2006.E | C42: Çıkış TMŞ 3x40 A (yedek) | D42: adet | E42: 3 | F42: 3 | G42: - | H42: =F42 | I42: 140 | J42: =H42*I42 | K42: MÜHENDİSLİK TAHMİNİ | L42: TAHMIN | M42: Çıkış TMŞ 40A montajlı
B43: 2006.E | C43: Parafudr Tip 1+2 3+N+PE (giriş) | D43: adet | E43: 1 | F43: 1 | G43: - | H43: =F43 | I43: 650 | J43: =H43*I43 | K43: MÜHENDİSLİK TAHMİNİ | L43: TAHMIN | M43: SPD Tip1+2
B44: 2006.E | C44: UPS ana dağıtım panosu (UPS çıkışı, UK01-UK12): giriş AOS 3x25 A, 2 x KAKŞ 4x25 A 30 mA, ~12 AOS 1x10/16 A, 4 yedek | D44: adet | E44: 1 | F44: 1 | G44: - | H44: =F44 | I44: 1800 | J44: =H44*I44 | K44: MÜHENDİSLİK TAHMİNİ | L44: TAHMIN | M44: UDP komple
B45: 2006.E | C45: Pano montaj/kaide, etiketleme, iç kablaj, test ve devreye alma | D45: set | E45: 1 | F45: 1 | G45: - | H45: =F45 | I45: 800 | J45: =H45*I45 | K45: MÜHENDİSLİK TAHMİNİ | L45: TAHMIN | M45: Montaj/test götürü
A46: 185 | B46: 2006.F | C46: Harran İstasyonu Ag Ana Dağıtım Panoları (400 V) (1 set) | H46: RFQ tutarı → | I46: =SUMPRODUCT(E47:E53,I47:I53) | J46: =SUM(J47:J53)
B47: 2006.F | C47: ADP panosu: metal mahfazalı, TS EN 61439, IP54, 20x5 Cu bara | D47: adet | E47: 1 | F47: 1 | G47: - | H47: =F47 | I47: 2000 | J47: =H47*I47 | K47: MÜHENDİSLİK TAHMİNİ | L47: TAHMIN | M47: Boş pano gövdesi+bara
B48: 2006.F | C48: Ana giriş TMŞ 3x63 A 10 kA + RCD-D 300 mA | D48: adet | E48: 1 | F48: 1 | G48: - | H48: =F48 | I48: 380 | J48: =H48*I48 | K48: MÜHENDİSLİK TAHMİNİ | L48: TAHMIN | M48: TMŞ 63A+RCD-D
B49: 2006.F | C49: Çıkış TMŞ 3x32 A (APP, UPS, SK) | D49: adet | E49: 3 | F49: 3 | G49: - | H49: =F49 | I49: 130 | J49: =H49*I49 | K49: MÜHENDİSLİK TAHMİNİ | L49: TAHMIN | M49: Çıkış TMŞ 32A montajlı
B50: 2006.F | C50: Çıkış TMŞ 3x40 A (yedek) | D50: adet | E50: 3 | F50: 3 | G50: - | H50: =F50 | I50: 140 | J50: =H50*I50 | K50: MÜHENDİSLİK TAHMİNİ | L50: TAHMIN | M50: Çıkış TMŞ 40A montajlı
B51: 2006.F | C51: UPS ana dağıtım panosu (UK01-UK12, 9,55 kW) | D51: adet | E51: 1 | F51: 1 | G51: - | H51: =F51 | I51: 1600 | J51: =H51*I51 | K51: MÜHENDİSLİK TAHMİNİ | L51: TAHMIN | M51: UDP komple (küçük istasyon)
B52: 2006.F | C52: Parafudr Tip 1+2 (giriş) | D52: adet | E52: 1 | F52: 1 | G52: - | H52: =F52 | I52: 650 | J52: =H52*I52 | K52: MÜHENDİSLİK TAHMİNİ | L52: TAHMIN | M52: SPD Tip1+2
B53: 2006.F | C53: Pano montaj, iç kablaj, test | D53: set | E53: 1 | F53: 1 | G53: - | H53: =F53 | I53: 800 | J53: =H53*I53 | K53: MÜHENDİSLİK TAHMİNİ | L53: TAHMIN | M53: Montaj/test götürü
A54: 186 | B54: 2006.G | C54: Depo Sahası ve Tesisleri Ag Ana Dağıtım Panoları (400 V) (1 set) | H54: RFQ tutarı → | I54: =SUMPRODUCT(E55:E70,I55:I70) | J54: =SUM(J55:J70)
B55: 2006.G | C55: T09 (depo trafo binası) ADP/13: 3200 A Cu bara, dikili tip form 3b/4, TS EN 61439 | D55: adet | E55: 1 | F55: 1 | G55: - | H55: =F55 | I55: 28000 | J55: =H55*I55 | K55: MÜHENDİSLİK TAHMİNİ | L55: TAHMIN | M55: Form 3b/4 gövde+3200A bara (~6 hücre)
B56: 2006.G | C56: Açık tip motorlu hava devre kesici (ACB) 3x3200 A 40 kA (Q1, Q2 trafo girişleri, kuplaj/ATS kilitli) | D56: adet | E56: 2 | F56: 2 | G56: - | H56: =F56 | I56: 11500 | J56: =H56*I56 | K56: MÜHENDİSLİK TAHMİNİ | L56: TAHMIN | M56: ACB 3200A motorlu
B57: 2006.G | C57: Akım trafosu 3200/5 A + enerji analizörü (Modbus) | D57: takım | E57: 2 | F57: 2 | G57: - | H57: =F57 | I57: 900 | J57: =H57*I57 | K57: MÜHENDİSLİK TAHMİNİ | L57: TAHMIN | M57: AT+analizör
B58: 2006.G | C58: Parafudr B+C sınıfı 100 kA | D58: adet | E58: 1 | F58: 1 | G58: - | H58: =F58 | I58: 1100 | J58: =H58*I58 | K58: MÜHENDİSLİK TAHMİNİ | L58: TAHMIN | M58: SPD B+C 100kA
B59: 2006.G | C59: Çıkış kompakt şalter 3x1250 A 35 kA (Q5 → D01-ADP atölye) | D59: adet | E59: 1 | F59: 1 | G59: - | H59: =F59 | I59: 3800 | J59: =H59*I59 | K59: MÜHENDİSLİK TAHMİNİ | L59: TAHMIN | M59: MCCB 1250A elektronik
B60: 2006.G | C60: Çıkış kompakt şalter 3x630 A 35 kA (Q4 → AJDP) | D60: adet | E60: 1 | F60: 1 | G60: - | H60: =F60 | I60: 1600 | J60: =H60*I60 | K60: MÜHENDİSLİK TAHMİNİ | L60: TAHMIN | M60: MCCB 630A
B61: 2006.G | C61: Çıkış TMŞ 3x40 A (M1-M4 klima dış ünite TO SIMS + 2 yedek) | D61: adet | E61: 6 | F61: 6 | G61: - | H61: =F61 | I61: 140 | J61: =H61*I61 | K61: MÜHENDİSLİK TAHMİNİ | L61: TAHMIN | M61: TMŞ 40A
B62: 2006.G | C62: Çıkış TMŞ 3x25/3x32 A (BCB, APP, D07 giriş kontrol APP) | D62: adet | E62: 3 | F62: 3 | G62: - | H62: =F62 | I62: 130 | J62: =H62*I62 | K62: MÜHENDİSLİK TAHMİNİ | L62: TAHMIN | M62: TMŞ 25/32A
B63: 2006.G | C63: Çıkış MCB 2x16 A 10 kA (M5-M12 iç üniteler + 2 yedek) | D63: adet | E63: 10 | F63: 10 | G63: %30 | H63: =F63/IF(Varsayimlar!$B$21=1,1.3,1) | I63: 25 | J63: =H63*I63 | K63: MÜHENDİSLİK TAHMİNİ | L63: TAHMIN | M63: MCB 2x16A
B64: 2006.G | C64: Su deposu ATS panosu (yangın pompaları D06-YPP-001/002 90 kW + D06-SDP-J1; şebeke/jeneratör) | D64: adet | E64: 1 | F64: 1 | G64: - | H64: =F64 | I64: 9000 | J64: =H64*I64 | K64: MÜHENDİSLİK TAHMİNİ | L64: TAHMIN | M64: Yangın pompası ATS panosu
B65: 2006.G | C65: AJDP (acil/jeneratör dağıtım panosu): 630 A Cu bara, Q3 3x800 A 40 kA (jeneratör), Q7 3x630 A, 3x500 A (JDP), 4x50 A (UPS), 3x63 A, 3x32 A; elektronik sayaç + 3x800/5 A | D65: adet | E65: 1 | F65: 1 | G65: - | H65: =F65 | I65: 22000 | J65: =H65*I65 | K65: MÜHENDİSLİK TAHMİNİ | L65: TAHMIN | M65: AJDP 630A komple
B66: 2006.G | C66: T09(Depo)-UPS-001 dağıtım panosu: 40 A bara, 4x40 A giriş, 9 x AOS 2x20 A (GGP, YAP, RTU, HP, SKP-1..4, I&LSKP) | D66: adet | E66: 1 | F66: 1 | G66: - | H66: =F66 | I66: 1500 | J66: =H66*I66 | K66: MÜHENDİSLİK TAHMİNİ | L66: TAHMIN | M66: Küçük UPS dağıtım panosu
B67: 2006.G | C67: D01-ADP atölye binası ana dağıtım panosu: 3x1250 A 35 kA giriş, 1250 A Cu bara, toroid kaçak akım rölesi 300 mA-30 A, B+C parafudr, enerji analizörü 1250/5 A, ~30 çıkış (3x25…3x630 A) | D67: adet | E67: 1 | F67: 1 | G67: - | H67: =F67 | I67: 38000 | J67: =H67*I67 | K67: MÜHENDİSLİK TAHMİNİ | L67: TAHMIN | M67: 1250A ADP komple (çıkışlar dahil varsayım)
B68: 2006.G | C68: D01-JDP jeneratör dağıtım + D01-UDP (TCC UPS) dağıtım panoları, 2 x ATS panosu | D68: adet | E68: 4 | F68: 4 | G68: - | H68: =F68 | I68: 6500 | J68: =H68*I68 | K68: MÜHENDİSLİK TAHMİNİ | L68: TAHMIN | M68: JDP/UDP/ATS pano ortalaması
B69: 2006.G | C69: D03-ADP-001 vagon yıkama binası ana dağıtım panosu (102,9 kW) | D69: adet | E69: 1 | F69: 1 | G69: - | H69: =F69 | I69: 6000 | J69: =H69*I69 | K69: MÜHENDİSLİK TAHMİNİ | L69: TAHMIN | M69: ~200A ADP komple
B70: 2006.G | C70: Pano montajı, bara bağlantıları, test/devreye alma, SCADA I/O | D70: set | E70: 1 | F70: 1 | G70: - | H70: =F70 | I70: 6000 | J70: =H70*I70 | K70: MÜHENDİSLİK TAHMİNİ | L70: TAHMIN | M70: Montaj/test/SCADA I/O
A71: 190 | B71: 2008.A | C71: Göbekli Tepe İstasyonu Topraklama Tesisatı (1 set) | H71: RFQ tutarı → | I71: =SUMPRODUCT(E72:E79,I72:I79) | J71: =SUM(J72:J79)
B72: 2008.A | C72: Temel topraklama iletkeni 30x3,5 mm sıcak daldırma galvanizli çelik şerit (beton içinde, dik) | D72: m | E72: 498 | F72: 498 | G72: - | H72: =F72 | I72: 6 | J72: =H72*I72 | K72: MÜHENDİSLİK TAHMİNİ | L72: TAHMIN | M72: Galv. şerit 30x3,5 temel
B73: 2008.A | C73: Topraklama elektrodu SOM BAKIR Ø20 x 1,5 m (galvanizli köşebent yerine) + 40x40 muayene menholü (bir kısmında) | D73: adet | E73: 32 | F73: 32 | G73: - | H73: =F73 | I73: 55 | J73: =H73*I73 | K73: MÜHENDİSLİK TAHMİNİ | L73: TAHMIN | M73: İdare: galvaniz köşebent
B74: 2008.A | C74: Çelik kolon (peron saçağı) topraklama bağlantısı (şerit filizi + bağlantı parçası) | D74: adet | E74: 29 | F74: 29 | G74: %30 | H74: =F74/IF(Varsayimlar!$B$21=1,1.3,1) | I74: 25 | J74: =H74*I74 | K74: MÜHENDİSLİK TAHMİNİ | L74: TAHMIN | M74: Şerit filizi+bağlantı
B75: 2008.A | C75: Ark kaynaklı/egzotermik irtibat noktası ve çapraz galvaniz kroşe bağlantıları | D75: adet | E75: 69 | F75: 69 | G75: - | H75: =F75 | I75: 15 | J75: =H75*I75 | K75: MÜHENDİSLİK TAHMİNİ | L75: TAHMIN | M75: Kroşe/egzotermik ort.
B76: 2008.A | C76: Metal korkuluk/turnike bağlantısı 1x16 mm2 izoleli iletken (H07Z-R) | D76: m | E76: 69 | F76: 69 | G76: fire+%30 | H76: =F76/IF(Varsayimlar!$B$21=1,1.43,1) | I76: 3.5 | J76: =H76*I76 | K76: MÜHENDİSLİK TAHMİNİ | L76: TAHMIN | M76: H07Z-R 1x16
B77: 2008.A | C77: Pano odası topraklama barası (bakır eş potansiyel bara 300x40x5 veya 40x10x400) + bağlantı | D77: adet | E77: 4 | F77: 4 | G77: - | H77: =F77 | I77: 120 | J77: =H77*I77 | K77: MÜHENDİSLİK TAHMİNİ | L77: TAHMIN | M77: Cu EP bara
B78: 2008.A | C78: Ekipman/pano topraklama iletkenleri (H07Z-R 16-25 mm2) ve bağlantı pabuçları | D78: m | E78: 58 | F78: 58 | G78: - | H78: =F78 | I78: 4.5 | J78: =H78*I78 | K78: MÜHENDİSLİK TAHMİNİ | L78: TAHMIN | M78: H07Z-R 16-25+pabuç
B79: 2008.A | C79: Topraklama direnci ölçümü + süreklilik testi + fotoğraflı raporlama (beton öncesi) | D79: set | E79: 1 | F79: 1 | G79: - | H79: =F79 | I79: 600 | J79: =H79*I79 | K79: MÜHENDİSLİK TAHMİNİ | L79: TAHMIN | M79: Ölçüm/rapor
A80: 191 | B80: 2008.B | C80: Hızmalı Köprüsü İstasyonu Topraklama Tesisatı (1 set) | H80: RFQ tutarı → | I80: =SUMPRODUCT(E81:E88,I81:I88) | J80: =SUM(J81:J88)
B81: 2008.B | C81: Temel topraklama iletkeni 30x3,5 mm sıcak daldırma galvanizli çelik şerit (beton içinde, dik) | D81: m | E81: 252 | F81: 252 | G81: - | H81: =F81 | I81: 6 | J81: =H81*I81 | K81: MÜHENDİSLİK TAHMİNİ | L81: TAHMIN | M81: Galv. şerit 30x3,5 temel
B82: 2008.B | C82: Topraklama elektrodu SOM BAKIR Ø20 x 1,5 m (galvanizli köşebent yerine) + 40x40 muayene menholü (bir kısmında) | D82: adet | E82: 16 | F82: 16 | G82: - | H82: =F82 | I82: 55 | J82: =H82*I82 | K82: MÜHENDİSLİK TAHMİNİ | L82: TAHMIN | M82: İdare: galvaniz köşebent
B83: 2008.B | C83: Çelik kolon (peron saçağı) topraklama bağlantısı (şerit filizi + bağlantı parçası) | D83: adet | E83: 15 | F83: 15 | G83: %30 | H83: =F83/IF(Varsayimlar!$B$21=1,1.3,1) | I83: 25 | J83: =H83*I83 | K83: MÜHENDİSLİK TAHMİNİ | L83: TAHMIN | M83: Şerit filizi+bağlantı
B84: 2008.B | C84: Ark kaynaklı/egzotermik irtibat noktası ve çapraz galvaniz kroşe bağlantıları | D84: adet | E84: 42 | F84: 42 | G84: - | H84: =F84 | I84: 15 | J84: =H84*I84 | K84: MÜHENDİSLİK TAHMİNİ | L84: TAHMIN | M84: Kroşe/egzotermik ort.
B85: 2008.B | C85: Metal korkuluk/turnike bağlantısı 1x16 mm2 izoleli iletken (H07Z-R) | D85: m | E85: 35 | F85: 35 | G85: fire+%30 | H85: =F85/IF(Varsayimlar!$B$21=1,1.43,1) | I85: 3.5 | J85: =H85*I85 | K85: MÜHENDİSLİK TAHMİNİ | L85: TAHMIN | M85: H07Z-R 1x16
B86: 2008.B | C86: Pano odası topraklama barası (bakır eş potansiyel bara 300x40x5 veya 40x10x400) + bağlantı | D86: adet | E86: 3 | F86: 3 | G86: - | H86: =F86 | I86: 120 | J86: =H86*I86 | K86: MÜHENDİSLİK TAHMİNİ | L86: TAHMIN | M86: Cu EP bara
B87: 2008.B | C87: Ekipman/pano topraklama iletkenleri (H07Z-R 16-25 mm2) ve bağlantı pabuçları | D87: m | E87: 58 | F87: 58 | G87: - | H87: =F87 | I87: 4.5 | J87: =H87*I87 | K87: MÜHENDİSLİK TAHMİNİ | L87: TAHMIN | M87: H07Z-R 16-25+pabuç
B88: 2008.B | C88: Topraklama direnci ölçümü + süreklilik testi + fotoğraflı raporlama (beton öncesi) | D88: set | E88: 1 | F88: 1 | G88: - | H88: =F88 | I88: 500 | J88: =H88*I88 | K88: MÜHENDİSLİK TAHMİNİ | L88: TAHMIN | M88: Ölçüm/rapor
A89: 192 | B89: 2008.C | C89: Balıklıgöl İstasyonu Topraklama Tesisatı (1 set) | H89: RFQ tutarı → | I89: =SUMPRODUCT(E90:E97,I90:I97) | J89: =SUM(J90:J97)
B90: 2008.C | C90: Temel topraklama iletkeni 30x3,5 mm sıcak daldırma galvanizli çelik şerit (beton içinde, dik) | D90: m | E90: 252 | F90: 252 | G90: - | H90: =F90 | I90: 6 | J90: =H90*I90 | K90: MÜHENDİSLİK TAHMİNİ | L90: TAHMIN | M90: Galv. şerit 30x3,5 temel
B91: 2008.C | C91: Topraklama elektrodu SOM BAKIR Ø20 x 1,5 m (galvanizli köşebent yerine) + 40x40 muayene menholü (bir kısmında) | D91: adet | E91: 16 | F91: 16 | G91: - | H91: =F91 | I91: 55 | J91: =H91*I91 | K91: MÜHENDİSLİK TAHMİNİ | L91: TAHMIN | M91: İdare: galvaniz köşebent
B92: 2008.C | C92: Çelik kolon (peron saçağı) topraklama bağlantısı (şerit filizi + bağlantı parçası) | D92: adet | E92: 15 | F92: 15 | G92: %30 | H92: =F92/IF(Varsayimlar!$B$21=1,1.3,1) | I92: 25 | J92: =H92*I92 | K92: MÜHENDİSLİK TAHMİNİ | L92: TAHMIN | M92: Şerit filizi+bağlantı
B93: 2008.C | C93: Ark kaynaklı/egzotermik irtibat noktası ve çapraz galvaniz kroşe bağlantıları | D93: adet | E93: 42 | F93: 42 | G93: - | H93: =F93 | I93: 15 | J93: =H93*I93 | K93: MÜHENDİSLİK TAHMİNİ | L93: TAHMIN | M93: Kroşe/egzotermik ort.
B94: 2008.C | C94: Metal korkuluk/turnike bağlantısı 1x16 mm2 izoleli iletken (H07Z-R) | D94: m | E94: 35 | F94: 35 | G94: fire+%30 | H94: =F94/IF(Varsayimlar!$B$21=1,1.43,1) | I94: 3.5 | J94: =H94*I94 | K94: MÜHENDİSLİK TAHMİNİ | L94: TAHMIN | M94: H07Z-R 1x16
B95: 2008.C | C95: Pano odası topraklama barası (bakır eş potansiyel bara 300x40x5 veya 40x10x400) + bağlantı | D95: adet | E95: 3 | F95: 3 | G95: - | H95: =F95 | I95: 120 | J95: =H95*I95 | K95: MÜHENDİSLİK TAHMİNİ | L95: TAHMIN | M95: Cu EP bara
B96: 2008.C | C96: Ekipman/pano topraklama iletkenleri (H07Z-R 16-25 mm2) ve bağlantı pabuçları | D96: m | E96: 58 | F96: 58 | G96: - | H96: =F96 | I96: 4.5 | J96: =H96*I96 | K96: MÜHENDİSLİK TAHMİNİ | L96: TAHMIN | M96: H07Z-R 16-25+pabuç
B97: 2008.C | C97: Topraklama direnci ölçümü + süreklilik testi + fotoğraflı raporlama (beton öncesi) | D97: set | E97: 1 | F97: 1 | G97: - | H97: =F97 | I97: 500 | J97: =H97*I97 | K97: MÜHENDİSLİK TAHMİNİ | L97: TAHMIN | M97: Ölçüm/rapor
A98: 193 | B98: 2008.D | C98: Eyüp Peygamber İstasyonu Topraklama Tesisatı (1 set) | H98: RFQ tutarı → | I98: =SUMPRODUCT(E99:E106,I99:I106) | J98: =SUM(J99:J106)
B99: 2008.D | C99: Temel topraklama iletkeni 30x3,5 mm sıcak daldırma galvanizli çelik şerit (beton içinde, dik) | D99: m | E99: 252 | F99: 252 | G99: - | H99: =F99 | I99: 6 | J99: =H99*I99 | K99: MÜHENDİSLİK TAHMİNİ | L99: TAHMIN | M99: Galv. şerit 30x3,5 temel
B100: 2008.D | C100: Topraklama elektrodu SOM BAKIR Ø20 x 1,5 m (galvanizli köşebent yerine) + 40x40 muayene menholü (bir kısmında) | D100: adet | E100: 16 | F100: 16 | G100: - | H100: =F100 | I100: 55 | J100: =H100*I100 | K100: MÜHENDİSLİK TAHMİNİ | L100: TAHMIN | M100: İdare: galvaniz köşebent
B101: 2008.D | C101: Çelik kolon (peron saçağı) topraklama bağlantısı (şerit filizi + bağlantı parçası) | D101: adet | E101: 15 | F101: 15 | G101: %30 | H101: =F101/IF(Varsayimlar!$B$21=1,1.3,1) | I101: 25 | J101: =H101*I101 | K101: MÜHENDİSLİK TAHMİNİ | L101: TAHMIN | M101: Şerit filizi+bağlantı
...

Sheet Haberlesme
A1: 1 ELEKTRİK (B) – Kontrol ve haberleşme (iletim, telefon, telsiz, anons, CCTV, saat, erişim, SCADA, YBS, ücret toplama)
A2: EUR, KDV hariç, montaj+test+devreye alma dahil (taşeron fiyatı), Ekim 2026. Turuncu miktar: idare cevabıyla (05.10.2026) değişen kalem. Metraj payı: RFQ'daki bilinçli şişirmenin (%10 fire, dağıtık malzemede %30) bütçeden geri alınması. Fiyat türü renkleri: yeşil = 2026 firma teklifi; mavi = geçmiş tekliften uyarlama (ECB kuru + Euro Bölgesi HICP ile Ağu-2026'ya taşınmış, gerekirse montaj/boyut düzeltmeli); sarı = mühendislik tahmini (emsal yok); gri = idare cevabıyla kapsam dışı.
A4: Sıra | B4: Poz | C4: Kalem / Alt kalem | D4: Birim | E4: Miktar (RFQ cetveli) | F4: Miktar (idare cevabına göre) | G4: Metraj payı geri alınan | H4: Net miktar (bütçe) | I4: Birim fiyat EUR (montaj dahil) | J4: Tutar EUR | K4: Fiyat türü | L4: Fiyat kaynağı / emsal (proje, firma, yıl, uyarlama) | M4: Not / düzeltme
A5: 236 | B5: 4001 | C5: İletim Sistemi Tasarımı (1 set) | H5: RFQ tutarı → | I5: =SUMPRODUCT(E6:E7,I6:I7) | J5: =SUM(J6:J7)
B6: 4001 | C6: Uygulama projeleri, sistem mimarisi/blok şemaları, hesaplar (fiber ring, IP/VLAN planı, loss budget +6 dB marj) | D6: set | E6: 1 | F6: 1 | G6: - | H6: =F6 | I6: 18000 | J6: =H6*I6 | K6: MÜHENDİSLİK TAHMİNİ | L6: TAHMIN | M6: Tasarım, küçük tramvay ölçeği
B7: 4001 | C7: Dokümantasyon: malzeme onayı, test prosedürleri, as-built, işletme-bakım el kitapları, eğitim dokümanı | D7: set | E7: 1 | F7: 1 | G7: - | H7: =F7 | I7: 7000 | J7: =H7*I7 | K7: MÜHENDİSLİK TAHMİNİ | L7: TAHMIN | M7: Tasarım, küçük tramvay ölçeği
A8: 237 | B8: 4002.A | C8: Göbekli Tepe İstasyonu İletim Sistemi (1 set) | H8: RFQ tutarı → | I8: =SUMPRODUCT(E9:E19,I9:I19) | J8: =SUM(J9:J19)
B9: 4002.A | C9: Harici tip durak haberleşme dolabı (IP55, kilitli, 19'' raylı, havalandırmalı, pano odasındaki RACK KABİN) | D9: adet | E9: 2 | F9: 2 | G9: - | H9: =F9 | I9: 2800 | J9: =H9*I9 | K9: MÜHENDİSLİK TAHMİNİ | L9: TAHMIN | M9: IP55 dış dolap 19" kurulu
B10: 4002.A | C10: Endüstriyel ağ anahtarı 12 port (8 PoE+ 10/100/1000 + 2 kombo + 2 SFP), L2/L3, DIN/19'' | D10: adet | E10: 4 | F10: 4 | G10: %30 | H10: =F10/IF(Varsayimlar!$B$21=1,1.3,1) | I10: 2800 | J10: =H10*I10 | K10: MÜHENDİSLİK TAHMİNİ | L10: TAHMIN | M10: Endüstriyel L2/L3 PoE switch
B11: 4002.A | C11: SFP optik alıcı-verici modül (1000BASE-LX SM) | D11: adet | E11: 12 | F11: 12 | G11: - | H11: =F11 | I11: 150 | J11: =H11*I11 | K11: MÜHENDİSLİK TAHMİNİ | L11: TAHMIN
B12: 4002.A | C12: Fiber optik ek/terminasyon kutusu (19'' ODF 24 port SC/LC, pigtail+adaptör dahil) | D12: adet | E12: 2 | F12: 2 | G12: %30 | H12: =F12/IF(Varsayimlar!$B$21=1,1.3,1) | I12: 450 | J12: =H12*I12 | K12: MÜHENDİSLİK TAHMİNİ | L12: TAHMIN | M12: ODF 24 port, pigtail dahil
B13: 4002.A | C13: Pigtail LC + füzyon ek (sonlandırma, 24 core MM alt ring) | D13: adet | E13: 125 | F13: 42 | G13: - | H13: =F13 | I13: 18 | J13: =H13*I13 | K13: MÜHENDİSLİK TAHMİNİ | L13: TAHMIN | M13: İdare: 24 ve 8 core SM; alt ring 8 core → ek ×8/24
B14: 4002.A | C14: F/O patch cord SM LC-LC duplex 2 m | D14: adet | E14: 11 | F14: 11 | G14: %30 | H14: =F14/IF(Varsayimlar!$B$21=1,1.3,1) | I14: 12 | J14: =H14*I14 | K14: MÜHENDİSLİK TAHMİNİ | L14: TAHMIN
B15: 4002.A | C15: CAT6 bakır patch panel 24 port + CAT6 patch cord (1 m) seti | D15: set | E15: 2 | F15: 2 | G15: - | H15: =F15 | I15: 220 | J15: =H15*I15 | K15: MÜHENDİSLİK TAHMİNİ | L15: TAHMIN
B16: 4002.A | C16: Dolap içi güç dağıtım (PDU) + PoE/ekipman güç adaptörleri, yıldırım/aşırı gerilim koruyucu (data hattı) | D16: set | E16: 2 | F16: 2 | G16: - | H16: =F16 | I16: 600 | J16: =H16*I16 | K16: MÜHENDİSLİK TAHMİNİ | L16: TAHMIN | M16: PDU+adaptör+SPD
B17: 4002.A | C17: SM F/O kablo 8 core zırhlı (RACK KABİN-1 ↔ RACK KABİN-2, hat altı geçiş) | D17: m | E17: 58 | F17: 58 | G17: fire+%30 | H17: =F17/IF(Varsayimlar!$B$21=1,1.43,1) | I17: 1.8 | J17: =H17*I17 | K17: MÜHENDİSLİK TAHMİNİ | L17: TAHMIN | M17: 8 core SM zırhlı, çekim dahil
B18: 4002.A | C18: Ø110 koruge boru (istasyon zayıf/kuvvetli akım borulama tesisatı, peron altı + yol altı geçiş) | D18: m | E18: 1430 | F18: 1430 | G18: fire+%30 | H18: =F18/IF(Varsayimlar!$B$21=1,1.43,1) | I18: 5.5 | J18: =H18*I18 | K18: MÜHENDİSLİK TAHMİNİ | L18: TAHMIN | M18: Kazı hariç boru döşeme
B19: 4002.A | C19: İletim sistemi test/devreye alma, OTDR ölçümü, dokümantasyon (istasyon) | D19: set | E19: 1 | F19: 1 | G19: - | H19: =F19 | I19: 2500 | J19: =H19*I19 | K19: MÜHENDİSLİK TAHMİNİ | L19: TAHMIN | M19: 2 kabinli istasyon
A20: 238 | B20: 4002.B | C20: Hızmalı Köprüsü İstasyonu İletim Sistemi (1 set) | H20: RFQ tutarı → | I20: =SUMPRODUCT(E21:E30,I21:I30) | J20: =SUM(J21:J30)
B21: 4002.B | C21: Harici tip durak haberleşme dolabı (IP55, kilitli, 19'' raylı, havalandırmalı, pano odasındaki RACK KABİN) | D21: adet | E21: 1 | F21: 1 | G21: - | H21: =F21 | I21: 2800 | J21: =H21*I21 | K21: MÜHENDİSLİK TAHMİNİ | L21: TAHMIN | M21: IP55 dış dolap 19" kurulu
B22: 4002.B | C22: Endüstriyel ağ anahtarı 12 port (8 PoE+ 10/100/1000 + 2 kombo + 2 SFP), L2/L3, DIN/19'' | D22: adet | E22: 3 | F22: 3 | G22: %30 | H22: =F22/IF(Varsayimlar!$B$21=1,1.3,1) | I22: 2800 | J22: =H22*I22 | K22: MÜHENDİSLİK TAHMİNİ | L22: TAHMIN | M22: Endüstriyel L2/L3 PoE switch
B23: 4002.B | C23: SFP optik alıcı-verici modül (1000BASE-LX SM) | D23: adet | E23: 8 | F23: 8 | G23: - | H23: =F23 | I23: 150 | J23: =H23*I23 | K23: MÜHENDİSLİK TAHMİNİ | L23: TAHMIN
B24: 4002.B | C24: Fiber optik ek/terminasyon kutusu (19'' ODF 24 port SC/LC, pigtail+adaptör dahil) | D24: adet | E24: 1 | F24: 1 | G24: %30 | H24: =F24/IF(Varsayimlar!$B$21=1,1.3,1) | I24: 450 | J24: =H24*I24 | K24: MÜHENDİSLİK TAHMİNİ | L24: TAHMIN | M24: ODF 24 port, pigtail dahil
B25: 4002.B | C25: Pigtail LC + füzyon ek (sonlandırma, 24 core MM alt ring) | D25: adet | E25: 63 | F25: 21 | G25: - | H25: =F25 | I25: 18 | J25: =H25*I25 | K25: MÜHENDİSLİK TAHMİNİ | L25: TAHMIN | M25: İdare: 24 ve 8 core SM; alt ring 8 core → ek ×8/24
B26: 4002.B | C26: F/O patch cord SM LC-LC duplex 2 m | D26: adet | E26: 6 | F26: 6 | G26: %30 | H26: =F26/IF(Varsayimlar!$B$21=1,1.3,1) | I26: 12 | J26: =H26*I26 | K26: MÜHENDİSLİK TAHMİNİ | L26: TAHMIN
B27: 4002.B | C27: CAT6 bakır patch panel 24 port + CAT6 patch cord (1 m) seti | D27: set | E27: 1 | F27: 1 | G27: - | H27: =F27 | I27: 220 | J27: =H27*I27 | K27: MÜHENDİSLİK TAHMİNİ | L27: TAHMIN
B28: 4002.B | C28: Dolap içi güç dağıtım (PDU) + PoE/ekipman güç adaptörleri, yıldırım/aşırı gerilim koruyucu (data hattı) | D28: set | E28: 1 | F28: 1 | G28: - | H28: =F28 | I28: 600 | J28: =H28*I28 | K28: MÜHENDİSLİK TAHMİNİ | L28: TAHMIN | M28: PDU+adaptör+SPD
B29: 4002.B | C29: Ø110 koruge boru (istasyon zayıf/kuvvetli akım borulama tesisatı, peron altı + yol altı geçiş) | D29: m | E29: 1210 | F29: 1210 | G29: fire+%30 | H29: =F29/IF(Varsayimlar!$B$21=1,1.43,1) | I29: 5.5 | J29: =H29*I29 | K29: MÜHENDİSLİK TAHMİNİ | L29: TAHMIN | M29: Kazı hariç boru döşeme
B30: 4002.B | C30: İletim sistemi test/devreye alma, OTDR ölçümü, dokümantasyon (istasyon) | D30: set | E30: 1 | F30: 1 | G30: - | H30: =F30 | I30: 1800 | J30: =H30*I30 | K30: MÜHENDİSLİK TAHMİNİ | L30: TAHMIN
A31: 239 | B31: 4002.C | C31: Balıklıgöl İstasyonu İletim Sistemi (1 set) | H31: RFQ tutarı → | I31: =SUMPRODUCT(E32:E41,I32:I41) | J31: =SUM(J32:J41)
B32: 4002.C | C32: Harici tip durak haberleşme dolabı (IP55, kilitli, 19'' raylı, havalandırmalı, pano odasındaki RACK KABİN) | D32: adet | E32: 1 | F32: 1 | G32: - | H32: =F32 | I32: 2800 | J32: =H32*I32 | K32: MÜHENDİSLİK TAHMİNİ | L32: TAHMIN | M32: IP55 dış dolap 19" kurulu
B33: 4002.C | C33: Endüstriyel ağ anahtarı 12 port (8 PoE+ 10/100/1000 + 2 kombo + 2 SFP), L2/L3, DIN/19'' | D33: adet | E33: 3 | F33: 3 | G33: %30 | H33: =F33/IF(Varsayimlar!$B$21=1,1.3,1) | I33: 2800 | J33: =H33*I33 | K33: MÜHENDİSLİK TAHMİNİ | L33: TAHMIN | M33: Endüstriyel L2/L3 PoE switch
B34: 4002.C | C34: SFP optik alıcı-verici modül (1000BASE-LX SM) | D34: adet | E34: 8 | F34: 8 | G34: - | H34: =F34 | I34: 150 | J34: =H34*I34 | K34: MÜHENDİSLİK TAHMİNİ | L34: TAHMIN
B35: 4002.C | C35: Fiber optik ek/terminasyon kutusu (19'' ODF 24 port SC/LC, pigtail+adaptör dahil) | D35: adet | E35: 1 | F35: 1 | G35: %30 | H35: =F35/IF(Varsayimlar!$B$21=1,1.3,1) | I35: 450 | J35: =H35*I35 | K35: MÜHENDİSLİK TAHMİNİ | L35: TAHMIN | M35: ODF 24 port, pigtail dahil
B36: 4002.C | C36: Pigtail LC + füzyon ek (sonlandırma, 24 core MM alt ring) | D36: adet | E36: 63 | F36: 21 | G36: - | H36: =F36 | I36: 18 | J36: =H36*I36 | K36: MÜHENDİSLİK TAHMİNİ | L36: TAHMIN | M36: İdare: 24 ve 8 core SM; alt ring 8 core → ek ×8/24
B37: 4002.C | C37: F/O patch cord SM LC-LC duplex 2 m | D37: adet | E37: 6 | F37: 6 | G37: %30 | H37: =F37/IF(Varsayimlar!$B$21=1,1.3,1) | I37: 12 | J37: =H37*I37 | K37: MÜHENDİSLİK TAHMİNİ | L37: TAHMIN
B38: 4002.C | C38: CAT6 bakır patch panel 24 port + CAT6 patch cord (1 m) seti | D38: set | E38: 1 | F38: 1 | G38: - | H38: =F38 | I38: 220 | J38: =H38*I38 | K38: MÜHENDİSLİK TAHMİNİ | L38: TAHMIN
B39: 4002.C | C39: Dolap içi güç dağıtım (PDU) + PoE/ekipman güç adaptörleri, yıldırım/aşırı gerilim koruyucu (data hattı) | D39: set | E39: 1 | F39: 1 | G39: - | H39: =F39 | I39: 600 | J39: =H39*I39 | K39: MÜHENDİSLİK TAHMİNİ | L39: TAHMIN | M39: PDU+adaptör+SPD
B40: 4002.C | C40: Ø110 koruge boru (istasyon zayıf/kuvvetli akım borulama tesisatı, peron altı + yol altı geçiş) | D40: m | E40: 1210 | F40: 1210 | G40: fire+%30 | H40: =F40/IF(Varsayimlar!$B$21=1,1.43,1) | I40: 5.5 | J40: =H40*I40 | K40: MÜHENDİSLİK TAHMİNİ | L40: TAHMIN | M40: Kazı hariç boru döşeme
B41: 4002.C | C41: İletim sistemi test/devreye alma, OTDR ölçümü, dokümantasyon (istasyon) | D41: set | E41: 1 | F41: 1 | G41: - | H41: =F41 | I41: 1800 | J41: =H41*I41 | K41: MÜHENDİSLİK TAHMİNİ | L41: TAHMIN
A42: 240 | B42: 4002.D | C42: Eyüp Peygamber İstasyonu İletim Sistemi (1 set) | H42: RFQ tutarı → | I42: =SUMPRODUCT(E43:E52,I43:I52) | J42: =SUM(J43:J52)
B43: 4002.D | C43: Harici tip durak haberleşme dolabı (IP55, kilitli, 19'' raylı, havalandırmalı, pano odasındaki RACK KABİN) | D43: adet | E43: 1 | F43: 1 | G43: - | H43: =F43 | I43: 2800 | J43: =H43*I43 | K43: MÜHENDİSLİK TAHMİNİ | L43: TAHMIN | M43: IP55 dış dolap 19" kurulu
B44: 4002.D | C44: Endüstriyel ağ anahtarı 12 port (8 PoE+ 10/100/1000 + 2 kombo + 2 SFP), L2/L3, DIN/19'' | D44: adet | E44: 3 | F44: 3 | G44: %30 | H44: =F44/IF(Varsayimlar!$B$21=1,1.3,1) | I44: 2800 | J44: =H44*I44 | K44: MÜHENDİSLİK TAHMİNİ | L44: TAHMIN | M44: Endüstriyel L2/L3 PoE switch
B45: 4002.D | C45: SFP optik alıcı-verici modül (1000BASE-LX SM) | D45: adet | E45: 8 | F45: 8 | G45: - | H45: =F45 | I45: 150 | J45: =H45*I45 | K45: MÜHENDİSLİK TAHMİNİ | L45: TAHMIN
B46: 4002.D | C46: Fiber optik ek/terminasyon kutusu (19'' ODF 24 port SC/LC, pigtail+adaptör dahil) | D46: adet | E46: 1 | F46: 1 | G46: %30 | H46: =F46/IF(Varsayimlar!$B$21=1,1.3,1) | I46: 450 | J46: =H46*I46 | K46: MÜHENDİSLİK TAHMİNİ | L46: TAHMIN | M46: ODF 24 port, pigtail dahil
B47: 4002.D | C47: Pigtail LC + füzyon ek (sonlandırma, 24 core MM alt ring) | D47: adet | E47: 63 | F47: 21 | G47: - | H47: =F47 | I47: 18 | J47: =H47*I47 | K47: MÜHENDİSLİK TAHMİNİ | L47: TAHMIN | M47: İdare: 24 ve 8 core SM; alt ring 8 core → ek ×8/24
B48: 4002.D | C48: F/O patch cord SM LC-LC duplex 2 m | D48: adet | E48: 6 | F48: 6 | G48: %30 | H48: =F48/IF(Varsayimlar!$B$21=1,1.3,1) | I48: 12 | J48: =H48*I48 | K48: MÜHENDİSLİK TAHMİNİ | L48: TAHMIN
B49: 4002.D | C49: CAT6 bakır patch panel 24 port + CAT6 patch cord (1 m) seti | D49: set | E49: 1 | F49: 1 | G49: - | H49: =F49 | I49: 220 | J49: =H49*I49 | K49: MÜHENDİSLİK TAHMİNİ | L49: TAHMIN
B50: 4002.D | C50: Dolap içi güç dağıtım (PDU) + PoE/ekipman güç adaptörleri, yıldırım/aşırı gerilim koruyucu (data hattı) | D50: set | E50: 1 | F50: 1 | G50: - | H50: =F50 | I50: 600 | J50: =H50*I50 | K50: MÜHENDİSLİK TAHMİNİ | L50: TAHMIN | M50: PDU+adaptör+SPD
B51: 4002.D | C51: Ø110 koruge boru (istasyon zayıf/kuvvetli akım borulama tesisatı, peron altı + yol altı geçiş) | D51: m | E51: 1210 | F51: 1210 | G51: fire+%30 | H51: =F51/IF(Varsayimlar!$B$21=1,1.43,1) | I51: 5.5 | J51: =H51*I51 | K51: MÜHENDİSLİK TAHMİNİ | L51: TAHMIN | M51: Kazı hariç boru döşeme
B52: 4002.D | C52: İletim sistemi test/devreye alma, OTDR ölçümü, dokümantasyon (istasyon) | D52: set | E52: 1 | F52: 1 | G52: - | H52: =F52 | I52: 1800 | J52: =H52*I52 | K52: MÜHENDİSLİK TAHMİNİ | L52: TAHMIN
A53: 241 | B53: 4002.E | C53: Rasathane İstasyonu İletim Sistemi (1 set) | H53: RFQ tutarı → | I53: =SUMPRODUCT(E54:E63,I54:I63) | J53: =SUM(J54:J63)
B54: 4002.E | C54: Harici tip durak haberleşme dolabı (IP55, kilitli, 19'' raylı, havalandırmalı, pano odasındaki RACK KABİN) | D54: adet | E54: 1 | F54: 1 | G54: - | H54: =F54 | I54: 2800 | J54: =H54*I54 | K54: MÜHENDİSLİK TAHMİNİ | L54: TAHMIN | M54: IP55 dış dolap 19" kurulu
B55: 4002.E | C55: Endüstriyel ağ anahtarı 12 port (8 PoE+ 10/100/1000 + 2 kombo + 2 SFP), L2/L3, DIN/19'' | D55: adet | E55: 3 | F55: 3 | G55: %30 | H55: =F55/IF(Varsayimlar!$B$21=1,1.3,1) | I55: 2800 | J55: =H55*I55 | K55: MÜHENDİSLİK TAHMİNİ | L55: TAHMIN | M55: Endüstriyel L2/L3 PoE switch
B56: 4002.E | C56: SFP optik alıcı-verici modül (1000BASE-LX SM) | D56: adet | E56: 8 | F56: 8 | G56: - | H56: =F56 | I56: 150 | J56: =H56*I56 | K56: MÜHENDİSLİK TAHMİNİ | L56: TAHMIN
B57: 4002.E | C57: Fiber optik ek/terminasyon kutusu (19'' ODF 24 port SC/LC, pigtail+adaptör dahil) | D57: adet | E57: 1 | F57: 1 | G57: %30 | H57: =F57/IF(Varsayimlar!$B$21=1,1.3,1) | I57: 450 | J57: =H57*I57 | K57: MÜHENDİSLİK TAHMİNİ | L57: TAHMIN | M57: ODF 24 port, pigtail dahil
B58: 4002.E | C58: Pigtail LC + füzyon ek (sonlandırma, 24 core MM alt ring) | D58: adet | E58: 63 | F58: 21 | G58: - | H58: =F58 | I58: 18 | J58: =H58*I58 | K58: MÜHENDİSLİK TAHMİNİ | L58: TAHMIN | M58: İdare: 24 ve 8 core SM; alt ring 8 core → ek ×8/24
B59: 4002.E | C59: F/O patch cord SM LC-LC duplex 2 m | D59: adet | E59: 6 | F59: 6 | G59: %30 | H59: =F59/IF(Varsayimlar!$B$21=1,1.3,1) | I59: 12 | J59: =H59*I59 | K59: MÜHENDİSLİK TAHMİNİ | L59: TAHMIN
B60: 4002.E | C60: CAT6 bakır patch panel 24 port + CAT6 patch cord (1 m) seti | D60: set | E60: 1 | F60: 1 | G60: - | H60: =F60 | I60: 220 | J60: =H60*I60 | K60: MÜHENDİSLİK TAHMİNİ | L60: TAHMIN
B61: 4002.E | C61: Dolap içi güç dağıtım (PDU) + PoE/ekipman güç adaptörleri, yıldırım/aşırı gerilim koruyucu (data hattı) | D61: set | E61: 1 | F61: 1 | G61: - | H61: =F61 | I61: 600 | J61: =H61*I61 | K61: MÜHENDİSLİK TAHMİNİ | L61: TAHMIN | M61: PDU+adaptör+SPD
B62: 4002.E | C62: Ø110 koruge boru (istasyon zayıf/kuvvetli akım borulama tesisatı, peron altı + yol altı geçiş) | D62: m | E62: 1210 | F62: 1210 | G62: fire+%30 | H62: =F62/IF(Varsayimlar!$B$21=1,1.43,1) | I62: 5.5 | J62: =H62*I62 | K62: MÜHENDİSLİK TAHMİNİ | L62: TAHMIN | M62: Kazı hariç boru döşeme
B63: 4002.E | C63: İletim sistemi test/devreye alma, OTDR ölçümü, dokümantasyon (istasyon) | D63: set | E63: 1 | F63: 1 | G63: - | H63: =F63 | I63: 1800 | J63: =H63*I63 | K63: MÜHENDİSLİK TAHMİNİ | L63: TAHMIN
A64: 242 | B64: 4002.F | C64: Harran İstasyonu İletim Sistemi (1 set) | H64: RFQ tutarı → | I64: =SUMPRODUCT(E65:E74,I65:I74) | J64: =SUM(J65:J74)
B65: 4002.F | C65: Harici tip durak haberleşme dolabı (IP55, kilitli, 19'' raylı, havalandırmalı, pano odasındaki RACK KABİN) | D65: adet | E65: 1 | F65: 1 | G65: - | H65: =F65 | I65: 2800 | J65: =H65*I65 | K65: MÜHENDİSLİK TAHMİNİ | L65: TAHMIN | M65: IP55 dış dolap 19" kurulu
B66: 4002.F | C66: Endüstriyel ağ anahtarı 12 port (8 PoE+ 10/100/1000 + 2 kombo + 2 SFP), L2/L3, DIN/19'' | D66: adet | E66: 3 | F66: 3 | G66: %30 | H66: =F66/IF(Varsayimlar!$B$21=1,1.3,1) | I66: 2800 | J66: =H66*I66 | K66: MÜHENDİSLİK TAHMİNİ | L66: TAHMIN | M66: Endüstriyel L2/L3 PoE switch
B67: 4002.F | C67: SFP optik alıcı-verici modül (1000BASE-LX SM) | D67: adet | E67: 8 | F67: 8 | G67: - | H67: =F67 | I67: 150 | J67: =H67*I67 | K67: MÜHENDİSLİK TAHMİNİ | L67: TAHMIN
B68: 4002.F | C68: Fiber optik ek/terminasyon kutusu (19'' ODF 24 port SC/LC, pigtail+adaptör dahil) | D68: adet | E68: 1 | F68: 1 | G68: %30 | H68: =F68/IF(Varsayimlar!$B$21=1,1.3,1) | I68: 450 | J68: =H68*I68 | K68: MÜHENDİSLİK TAHMİNİ | L68: TAHMIN | M68: ODF 24 port, pigtail dahil
B69: 4002.F | C69: Pigtail LC + füzyon ek (sonlandırma, 24 core MM alt ring) | D69: adet | E69: 63 | F69: 21 | G69: - | H69: =F69 | I69: 18 | J69: =H69*I69 | K69: MÜHENDİSLİK TAHMİNİ | L69: TAHMIN | M69: İdare: 24 ve 8 core SM; alt ring 8 core → ek ×8/24
B70: 4002.F | C70: F/O patch cord SM LC-LC duplex 2 m | D70: adet | E70: 6 | F70: 6 | G70: %30 | H70: =F70/IF(Varsayimlar!$B$21=1,1.3,1) | I70: 12 | J70: =H70*I70 | K70: MÜHENDİSLİK TAHMİNİ | L70: TAHMIN
B71: 4002.F | C71: CAT6 bakır patch panel 24 port + CAT6 patch cord (1 m) seti | D71: set | E71: 1 | F71: 1 | G71: - | H71: =F71 | I71: 220 | J71: =H71*I71 | K71: MÜHENDİSLİK TAHMİNİ | L71: TAHMIN
B72: 4002.F | C72: Dolap içi güç dağıtım (PDU) + PoE/ekipman güç adaptörleri, yıldırım/aşırı gerilim koruyucu (data hattı) | D72: set | E72: 1 | F72: 1 | G72: - | H72: =F72 | I72: 600 | J72: =H72*I72 | K72: MÜHENDİSLİK TAHMİNİ | L72: TAHMIN | M72: PDU+adaptör+SPD
B73: 4002.F | C73: Ø110 koruge boru (istasyon zayıf/kuvvetli akım borulama tesisatı, peron altı + yol altı geçiş) | D73: m | E73: 858 | F73: 858 | G73: fire+%30 | H73: =F73/IF(Varsayimlar!$B$21=1,1.43,1) | I73: 5.5 | J73: =H73*I73 | K73: MÜHENDİSLİK TAHMİNİ | L73: TAHMIN | M73: Kazı hariç boru döşeme
B74: 4002.F | C74: İletim sistemi test/devreye alma, OTDR ölçümü, dokümantasyon (istasyon) | D74: set | E74: 1 | F74: 1 | G74: - | H74: =F74 | I74: 1800 | J74: =H74*I74 | K74: MÜHENDİSLİK TAHMİNİ | L74: TAHMIN
A75: 243 | B75: 4002.G | C75: Depo Sahası ve Tesisleri İletim Sistemi (1 set) | H75: RFQ tutarı → | I75: =SUMPRODUCT(E76:E84,I76:I84) | J75: =SUM(J76:J84)
B76: 4002.G | C76: Dağıtım ağ anahtarı L3 24 port PoE+ (369,6 W) + 4 SFP (D01 kat/zayıf akım odaları) | D76: adet | E76: 3 | F76: 3 | G76: %30 | H76: =F76/IF(Varsayimlar!$B$21=1,1.3,1) | I76: 4000 | J76: =H76*I76 | K76: MÜHENDİSLİK TAHMİNİ | L76: TAHMIN | M76: L3 24p PoE+ switch
B77: 4002.G | C77: Kenar/erişim ağ anahtarı 8-12 port PoE + 2 SFP (D02, D03, D05, D07 binaları) | D77: adet | E77: 4 | F77: 4 | G77: %30 | H77: =F77/IF(Varsayimlar!$B$21=1,1.3,1) | I77: 1800 | J77: =H77*I77 | K77: MÜHENDİSLİK TAHMİNİ | L77: TAHMIN
B78: 4002.G | C78: Bina içi 19'' dahili tip cihaz dolabı (42U D01 zayıf akım odası + 12U duvar tipi binalar) | D78: adet | E78: 5 | F78: 5 | G78: - | H78: =F78 | I78: 1200 | J78: =H78*I78 | K78: MÜHENDİSLİK TAHMİNİ | L78: TAHMIN | M78: 42U+12U karışık ortalama
B79: 4002.G | C79: MM F/O kablo 24 damar (D01 → D05, D07 binaları, tarif 4002) | D79: m | E79: 325 | F79: 325 | G79: fire+%30 | H79: =F79/IF(Varsayimlar!$B$21=1,1.43,1) | I79: 2.2 | J79: =H79*I79 | K79: MÜHENDİSLİK TAHMİNİ | L79: TAHMIN
B80: 4002.G | C80: MM F/O kablo 8 damar (D03 vagon yıkama ← atölye) | D80: m | E80: 117 | F80: 117 | G80: fire+%30 | H80: =F80/IF(Varsayimlar!$B$21=1,1.43,1) | I80: 1.5 | J80: =H80*I80 | K80: MÜHENDİSLİK TAHMİNİ | L80: TAHMIN
B81: 4002.G | C81: SM F/O kablo 8 damar (D02 depo trafo T09 ← TCC) | D81: m | E81: 82 | F81: 82 | G81: - | H81: =F81 | I81: 1.5 | J81: =H81*I81 | K81: MÜHENDİSLİK TAHMİNİ | L81: TAHMIN
B82: 4002.G | C82: ODF/F-O patch panel 12-24 port + pigtail + adaptör (binalar) | D82: adet | E82: 5 | F82: 5 | G82: %30 | H82: =F82/IF(Varsayimlar!$B$21=1,1.3,1) | I82: 500 | J82: =H82*I82 | K82: MÜHENDİSLİK TAHMİNİ | L82: TAHMIN
B83: 4002.G | C83: CAT6/FO medya konvertör + SFP modülleri | D83: adet | E83: 14 | F83: 14 | G83: %30 | H83: =F83/IF(Varsayimlar!$B$21=1,1.3,1) | I83: 180 | J83: =H83*I83 | K83: MÜHENDİSLİK TAHMİNİ | L83: TAHMIN
B84: 4002.G | C84: Patch cord (F/O ve CAT6), kablo organizer, PDU | D84: set | E84: 5 | F84: 5 | G84: - | H84: =F84 | I84: 350 | J84: =H84*I84 | K84: MÜHENDİSLİK TAHMİNİ | L84: TAHMIN
A85: 244 | B85: 4002.H | C85: Hat Trafo Binaları İletim Sistemi (4 set) | H85: RFQ tutarı → | I85: =SUMPRODUCT(E86:E91,I86:I91) | J85: =SUM(J86:J91)
B86: 4002.H | C86: Dağıtım ağ anahtarı L3 24 port 10/100/1000 PoE+ + 4 SFP (düğüm noktası, ring) | D86: adet | E86: 4 | F86: 4 | G86: %30 | H86: =F86/IF(Varsayimlar!$B$21=1,1.3,1) | I86: 4000 | J86: =H86*I86 | K86: MÜHENDİSLİK TAHMİNİ | L86: TAHMIN | M86: L3 24p PoE+ switch
B87: 4002.H | C87: 19'' dahili tip iletim dolabı 42U (veya RTU kabini içi montaj) | D87: adet | E87: 4 | F87: 4 | G87: - | H87: =F87 | I87: 1400 | J87: =H87*I87 | K87: MÜHENDİSLİK TAHMİNİ | L87: TAHMIN
B88: 4002.H | C88: ODF 48 port (24 core omurga giriş/çıkış + 8 core alt ring) + pigtail/füzyon | D88: adet | E88: 4 | F88: 4 | G88: - | H88: =F88 | I88: 1100 | J88: =H88*I88 | K88: MÜHENDİSLİK TAHMİNİ | L88: TAHMIN | M88: Füzyon/pigtail dahil
B89: 4002.H | C89: SFP modül 1000BASE-LX/ZX SM | D89: adet | E89: 24 | F89: 24 | G89: - | H89: =F89 | I89: 180 | J89: =H89*I89 | K89: MÜHENDİSLİK TAHMİNİ | L89: TAHMIN
B90: 4002.H | C90: Bina içi CAT6/HF kablo (switch→telefon, kamera, GGP, RTU) | D90: m | E90: 315 | F90: 315 | G90: fire+%30 | H90: =F90/IF(Varsayimlar!$B$21=1,1.43,1) | I90: 1.2 | J90: =H90*I90 | K90: MÜHENDİSLİK TAHMİNİ | L90: TAHMIN
B91: 4002.H | C91: Patch cord, PDU, kablo organizer | D91: set | E91: 4 | F91: 4 | G91: - | H91: =F91 | I91: 300 | J91: =H91*I91 | K91: MÜHENDİSLİK TAHMİNİ | L91: TAHMIN
A92: 245 | B92: 4002.I | C92: Hatboyu İletim Sistemi (1 set) | H92: RFQ tutarı → | I92: =SUMPRODUCT(E93:E97,I93:I97) | J92: =SUM(J93:J97)
B93: 4002.I | C93: Endüstriyel kenar ağ anahtarı 8 port + 2 SFP (karayolu geçişleri, makas kontrol, depo bağlantı, depo makas bölgesi) | D93: adet | E93: 9 | F93: 9 | G93: %30 | H93: =F93/IF(Varsayimlar!$B$21=1,1.3,1) | I93: 1500 | J93: =H93*I93 | K93: MÜHENDİSLİK TAHMİNİ | L93: TAHMIN
B94: 4002.I | C94: Kenar ağ anahtarı (Telsiz BS kabinleri, CAT6 ile TR'ye bağlı) | D94: adet | E94: 2 | F94: 2 | G94: %30 | H94: =F94/IF(Varsayimlar!$B$21=1,1.3,1) | I94: 1200 | J94: =H94*I94 | K94: MÜHENDİSLİK TAHMİNİ | L94: TAHMIN
B95: 4002.I | C95: Harici tip yolboyu iletim dolabı / iletim sistemi bağlantı kutusu (IP55, raylı, ısıtıcı/fan) | D95: adet | E95: 9 | F95: 9 | G95: - | H95: =F95 | I95: 2500 | J95: =H95*I95 | K95: MÜHENDİSLİK TAHMİNİ | L95: TAHMIN
B96: 4002.I | C96: Mini ODF/ek-terminasyon kutusu 12 port + pigtail | D96: adet | E96: 9 | F96: 9 | G96: - | H96: =F96 | I96: 350 | J96: =H96*I96 | K96: MÜHENDİSLİK TAHMİNİ | L96: TAHMIN
B97: 4002.I | C97: SFP modül SM | D97: adet | E97: 22 | F97: 22 | G97: - | H97: =F97 | I97: 150 | J97: =H97*I97 | K97: MÜHENDİSLİK TAHMİNİ | L97: TAHMIN
A98: 246 | B98: 4002.J | C98: İletim Sistemi Merkezi Donanımı&Yazılımı (1 set) | H98: RFQ tutarı → | I98: =SUMPRODUCT(E99:E106,I99:I106) | J98: =SUM(J99:J106)
B99: 4002.J | C99: Omurga anahtar (28x1G SFP + 4 kombo + 4x10G SFP+, 598 Gbps) — TCC OMURGA(1)/(2) | D99: adet | E99: 2 | F99: 2 | G99: %30 | H99: =F99/IF(Varsayimlar!$B$21=1,1.3,1) | I99: 12000 | J99: =H99*I99 | K99: MÜHENDİSLİK TAHMİNİ | L99: TAHMIN | M99: Core switch 10G
B100: 4002.J | C100: Ağ birleştirme yönlendiricisi (aggregation router) + Firewall (yedekli, lisanslı) | D100: adet | E100: 2 | F100: 2 | G100: - | H100: =F100 | I100: 9000 | J100: =H100*I100 | K100: MÜHENDİSLİK TAHMİNİ | L100: TAHMIN | M100: Router+FW lisanslı
B101: 4002.J | C101: Ağ yönetim sistemi (NMS) bilgisayarı + monitör + NMS yazılımı (60 anahtar lisansı) | D101: set | E101: 1 | F101: 1 | G101: - | H101: =F101 | I101: 12000 | J101: =H101*I101 | K101: MÜHENDİSLİK TAHMİNİ | L101: TAHMIN
...

Sheet Mekanik
A1: 2 MEKANİK – Sıra 159–168, 343–363 (HVAC, yangın, drenaj, sıhhi, basınçlı hava)
A2: EUR, KDV hariç, montaj+test+devreye alma dahil (taşeron fiyatı), Ekim 2026. Turuncu miktar: idare cevabıyla (05.10.2026) değişen kalem. Metraj payı: RFQ'daki bilinçli şişirmenin (%10 fire, dağıtık malzemede %30) bütçeden geri alınması. Fiyat türü renkleri: yeşil = 2026 firma teklifi; mavi = geçmiş tekliften uyarlama (ECB kuru + Euro Bölgesi HICP ile Ağu-2026'ya taşınmış, gerekirse montaj/boyut düzeltmeli); sarı = mühendislik tahmini (emsal yok); gri = idare cevabıyla kapsam dışı.
A4: Sıra | B4: Poz | C4: Kalem / Alt kalem | D4: Birim | E4: Miktar (RFQ cetveli) | F4: Miktar (idare cevabına göre) | G4: Metraj payı geri alınan | H4: Net miktar (bütçe) | I4: Birim fiyat EUR (montaj dahil) | J4: Tutar EUR | K4: Fiyat türü | L4: Fiyat kaynağı / emsal (proje, firma, yıl, uyarlama) | M4: Not / düzeltme
A5: 159 | B5: 6001.A | C5: Harran İstasyonu Isıtma Soğutma Sistemi (1 set) | H5: RFQ tutarı → | I5: =SUMPRODUCT(E6:E13,I6:I13) | J5: =SUM(J6:J13)
B6: 6001.A | C6: Split klima duvar tipi inverter IU-1/DU-1, 5 kW soğutma, R410A, dış ünite dahil komple (pano odası) | D6: adet | E6: 2 | F6: 2 | G6: - | H6: =F6 | I6: 1885.16 | J6: =H6*I6 | K6: GEÇMİŞ TEKLİF UYARLAMA | L6: REF
B7: 6001.A | C7: Split klima bakır boru izolasyonlu (sıvı+gaz çifti 1/4"-1/2") + bağlantı kablosu | D7: m | E7: 6 | F7: 6 | G7: fire+%30 | H7: =F7/IF(Varsayimlar!$B$21=1,1.43,1) | I7: 22 | J7: =H7*I7 | K7: MÜHENDİSLİK TAHMİNİ | L7: TAHMIN
B8: 6001.A | C8: Klima yoğuşma drenaj borusu PVC/PPRC Ø20-25 (hatta bırakılacak) | D8: m | E8: 5 | F8: 5 | G8: fire+%30 | H8: =F8/IF(Varsayimlar!$B$21=1,1.43,1) | I8: 5 | J8: =H8*I8 | K8: GEÇMİŞ TEKLİF UYARLAMA | L8: REF-duz [ref 2.17] | M8: Ref malzeme fiyatı; montajlı
B9: 6001.A | C9: DU montaj konsolu + titreşim takozu, kablolu kumanda, montaj-test-devreye alma | D9: takım | E9: 1 | F9: 1 | G9: - | H9: =F9 | I9: 150 | J9: =H9*I9 | K9: MÜHENDİSLİK TAHMİNİ | L9: TAHMIN
B10: 6001.A | C10: Güvenlik kabini split klima inverter ~2,5 kW duvar tipi, R410A, dış ünite dahil + kapı/pencere kontak sistemi | D10: adet | E10: 2 | F10: 0 | G10: %30 | H10: =F10/IF(Varsayimlar!$B$21=1,1.3,1) | I10: 950 | J10: =H10*I10 | K10: KAPSAM DIŞI (0) | L10: REF-duz [ref 553.26] | M10: İdare: kabin splitleri sıra 143 kabin fiyatında
B11: 6001.A | C11: Güvenlik kabini split bakır boru izolasyonlu (1/4"-3/8") + bağlantı kablosu | D11: m | E11: 6 | F11: 0 | G11: fire+%30 | H11: =F11/IF(Varsayimlar!$B$21=1,1.43,1) | I11: 18 | J11: =H11*I11 | K11: KAPSAM DIŞI (0) | L11: TAHMIN | M11: İdare: kabin splitleri sıra 143 kabin fiyatında
B12: 6001.A | C12: Güvenlik kabini split yoğuşma drenaj borusu PVC Ø20 | D12: m | E12: 5 | F12: 0 | G12: fire+%30 | H12: =F12/IF(Varsayimlar!$B$21=1,1.43,1) | I12: 5 | J12: =H12*I12 | K12: KAPSAM DIŞI (0) | L12: REF-duz [ref 1.91] | M12: İdare: kabin splitleri sıra 143 kabin fiyatında
B13: 6001.A | C13: Güvenlik kabini split DU konsolu + titreşim takozu + kablolu kumanda + kontak rölesi, montaj-devreye alma | D13: takım | E13: 1 | F13: 0 | G13: - | H13: =F13 | I13: 120 | J13: =H13*I13 | K13: KAPSAM DIŞI (0) | L13: TAHMIN | M13: İdare: kabin splitleri sıra 143 kabin fiyatında
A14: 160 | B14: 6001.B | C14: Rasathane İstasyonu Isıtma Soğutma Sistemi (1 set) | H14: RFQ tutarı → | I14: =SUMPRODUCT(E15:E22,I15:I22) | J14: =SUM(J15:J22)
B15: 6001.B | C15: Split klima duvar tipi inverter IU-1/DU-1, 5 kW soğutma, R410A, dış ünite dahil komple (pano odası) | D15: adet | E15: 2 | F15: 2 | G15: - | H15: =F15 | I15: 1885.16 | J15: =H15*I15 | K15: GEÇMİŞ TEKLİF UYARLAMA | L15: REF
B16: 6001.B | C16: Split klima bakır boru izolasyonlu (sıvı+gaz çifti 1/4"-1/2") + bağlantı kablosu | D16: m | E16: 6 | F16: 6 | G16: fire+%30 | H16: =F16/IF(Varsayimlar!$B$21=1,1.43,1) | I16: 22 | J16: =H16*I16 | K16: MÜHENDİSLİK TAHMİNİ | L16: TAHMIN
B17: 6001.B | C17: Klima yoğuşma drenaj borusu PVC/PPRC Ø20-25 (hatta bırakılacak) | D17: m | E17: 5 | F17: 5 | G17: fire+%30 | H17: =F17/IF(Varsayimlar!$B$21=1,1.43,1) | I17: 5 | J17: =H17*I17 | K17: GEÇMİŞ TEKLİF UYARLAMA | L17: REF-duz [ref 2.17] | M17: Ref malzeme fiyatı; montajlı
B18: 6001.B | C18: DU montaj konsolu + titreşim takozu, kablolu kumanda, montaj-test-devreye alma | D18: takım | E18: 1 | F18: 1 | G18: - | H18: =F18 | I18: 150 | J18: =H18*I18 | K18: MÜHENDİSLİK TAHMİNİ | L18: TAHMIN
B19: 6001.B | C19: Güvenlik kabini split klima inverter ~2,5 kW duvar tipi, R410A, dış ünite dahil + kapı/pencere kontak sistemi | D19: adet | E19: 2 | F19: 0 | G19: %30 | H19: =F19/IF(Varsayimlar!$B$21=1,1.3,1) | I19: 950 | J19: =H19*I19 | K19: KAPSAM DIŞI (0) | L19: REF-duz [ref 553.26] | M19: İdare: kabin splitleri sıra 143 kabin fiyatında
B20: 6001.B | C20: Güvenlik kabini split bakır boru izolasyonlu (1/4"-3/8") + bağlantı kablosu | D20: m | E20: 6 | F20: 0 | G20: fire+%30 | H20: =F20/IF(Varsayimlar!$B$21=1,1.43,1) | I20: 18 | J20: =H20*I20 | K20: KAPSAM DIŞI (0) | L20: TAHMIN | M20: İdare: kabin splitleri sıra 143 kabin fiyatında
B21: 6001.B | C21: Güvenlik kabini split yoğuşma drenaj borusu PVC Ø20 | D21: m | E21: 5 | F21: 0 | G21: fire+%30 | H21: =F21/IF(Varsayimlar!$B$21=1,1.43,1) | I21: 5 | J21: =H21*I21 | K21: KAPSAM DIŞI (0) | L21: REF-duz [ref 1.91] | M21: İdare: kabin splitleri sıra 143 kabin fiyatında
B22: 6001.B | C22: Güvenlik kabini split DU konsolu + titreşim takozu + kablolu kumanda + kontak rölesi, montaj-devreye alma | D22: takım | E22: 1 | F22: 0 | G22: - | H22: =F22 | I22: 120 | J22: =H22*I22 | K22: KAPSAM DIŞI (0) | L22: TAHMIN | M22: İdare: kabin splitleri sıra 143 kabin fiyatında
A23: 161 | B23: 6001.C | C23: Eyüp Peygamber İstasyonu Isıtma Soğutma Sistemi (1 set) | H23: RFQ tutarı → | I23: =SUMPRODUCT(E24:E31,I24:I31) | J23: =SUM(J24:J31)
B24: 6001.C | C24: Split klima duvar tipi inverter IU-1/DU-1, 5 kW soğutma, R410A, dış ünite dahil komple (pano odası) | D24: adet | E24: 2 | F24: 2 | G24: - | H24: =F24 | I24: 1885.16 | J24: =H24*I24 | K24: GEÇMİŞ TEKLİF UYARLAMA | L24: REF
B25: 6001.C | C25: Split klima bakır boru izolasyonlu (sıvı+gaz çifti 1/4"-1/2") + bağlantı kablosu | D25: m | E25: 6 | F25: 6 | G25: fire+%30 | H25: =F25/IF(Varsayimlar!$B$21=1,1.43,1) | I25: 22 | J25: =H25*I25 | K25: MÜHENDİSLİK TAHMİNİ | L25: TAHMIN
B26: 6001.C | C26: Klima yoğuşma drenaj borusu PVC/PPRC Ø20-25 (hatta bırakılacak) | D26: m | E26: 5 | F26: 5 | G26: fire+%30 | H26: =F26/IF(Varsayimlar!$B$21=1,1.43,1) | I26: 5 | J26: =H26*I26 | K26: GEÇMİŞ TEKLİF UYARLAMA | L26: REF-duz [ref 2.17] | M26: Ref malzeme fiyatı; montajlı
B27: 6001.C | C27: DU montaj konsolu + titreşim takozu, kablolu kumanda, montaj-test-devreye alma | D27: takım | E27: 1 | F27: 1 | G27: - | H27: =F27 | I27: 150 | J27: =H27*I27 | K27: MÜHENDİSLİK TAHMİNİ | L27: TAHMIN
B28: 6001.C | C28: Güvenlik kabini split klima inverter ~2,5 kW duvar tipi, R410A, dış ünite dahil + kapı/pencere kontak sistemi | D28: adet | E28: 2 | F28: 0 | G28: %30 | H28: =F28/IF(Varsayimlar!$B$21=1,1.3,1) | I28: 950 | J28: =H28*I28 | K28: KAPSAM DIŞI (0) | L28: REF-duz [ref 553.26] | M28: İdare: kabin splitleri sıra 143 kabin fiyatında
B29: 6001.C | C29: Güvenlik kabini split bakır boru izolasyonlu (1/4"-3/8") + bağlantı kablosu | D29: m | E29: 6 | F29: 0 | G29: fire+%30 | H29: =F29/IF(Varsayimlar!$B$21=1,1.43,1) | I29: 18 | J29: =H29*I29 | K29: KAPSAM DIŞI (0) | L29: TAHMIN | M29: İdare: kabin splitleri sıra 143 kabin fiyatında
B30: 6001.C | C30: Güvenlik kabini split yoğuşma drenaj borusu PVC Ø20 | D30: m | E30: 5 | F30: 0 | G30: fire+%30 | H30: =F30/IF(Varsayimlar!$B$21=1,1.43,1) | I30: 5 | J30: =H30*I30 | K30: KAPSAM DIŞI (0) | L30: REF-duz [ref 1.91] | M30: İdare: kabin splitleri sıra 143 kabin fiyatında
B31: 6001.C | C31: Güvenlik kabini split DU konsolu + titreşim takozu + kablolu kumanda + kontak rölesi, montaj-devreye alma | D31: takım | E31: 1 | F31: 0 | G31: - | H31: =F31 | I31: 120 | J31: =H31*I31 | K31: KAPSAM DIŞI (0) | L31: TAHMIN | M31: İdare: kabin splitleri sıra 143 kabin fiyatında
A32: 162 | B32: 6001.D | C32: Balıklıgöl İstasyonu Isıtma Soğutma Sistemi (1 set) | H32: RFQ tutarı → | I32: =SUMPRODUCT(E33:E40,I33:I40) | J32: =SUM(J33:J40)
B33: 6001.D | C33: Split klima duvar tipi inverter IU-1/DU-1, 5 kW soğutma, R410A, dış ünite dahil komple (pano odası) | D33: adet | E33: 2 | F33: 2 | G33: - | H33: =F33 | I33: 1885.16 | J33: =H33*I33 | K33: GEÇMİŞ TEKLİF UYARLAMA | L33: REF
B34: 6001.D | C34: Split klima bakır boru izolasyonlu (sıvı+gaz çifti 1/4"-1/2") + bağlantı kablosu | D34: m | E34: 6 | F34: 6 | G34: fire+%30 | H34: =F34/IF(Varsayimlar!$B$21=1,1.43,1) | I34: 22 | J34: =H34*I34 | K34: MÜHENDİSLİK TAHMİNİ | L34: TAHMIN
B35: 6001.D | C35: Klima yoğuşma drenaj borusu PVC/PPRC Ø20-25 (hatta bırakılacak) | D35: m | E35: 5 | F35: 5 | G35: fire+%30 | H35: =F35/IF(Varsayimlar!$B$21=1,1.43,1) | I35: 5 | J35: =H35*I35 | K35: GEÇMİŞ TEKLİF UYARLAMA | L35: REF-duz [ref 2.17] | M35: Ref malzeme fiyatı; montajlı
B36: 6001.D | C36: DU montaj konsolu + titreşim takozu, kablolu kumanda, montaj-test-devreye alma | D36: takım | E36: 1 | F36: 1 | G36: - | H36: =F36 | I36: 150 | J36: =H36*I36 | K36: MÜHENDİSLİK TAHMİNİ | L36: TAHMIN
B37: 6001.D | C37: Güvenlik kabini split klima inverter ~2,5 kW duvar tipi, R410A, dış ünite dahil + kapı/pencere kontak sistemi | D37: adet | E37: 2 | F37: 0 | G37: %30 | H37: =F37/IF(Varsayimlar!$B$21=1,1.3,1) | I37: 950 | J37: =H37*I37 | K37: KAPSAM DIŞI (0) | L37: REF-duz [ref 553.26] | M37: İdare: kabin splitleri sıra 143 kabin fiyatında
B38: 6001.D | C38: Güvenlik kabini split bakır boru izolasyonlu (1/4"-3/8") + bağlantı kablosu | D38: m | E38: 6 | F38: 0 | G38: fire+%30 | H38: =F38/IF(Varsayimlar!$B$21=1,1.43,1) | I38: 18 | J38: =H38*I38 | K38: KAPSAM DIŞI (0) | L38: TAHMIN | M38: İdare: kabin splitleri sıra 143 kabin fiyatında
B39: 6001.D | C39: Güvenlik kabini split yoğuşma drenaj borusu PVC Ø20 | D39: m | E39: 5 | F39: 0 | G39: fire+%30 | H39: =F39/IF(Varsayimlar!$B$21=1,1.43,1) | I39: 5 | J39: =H39*I39 | K39: KAPSAM DIŞI (0) | L39: REF-duz [ref 1.91] | M39: İdare: kabin splitleri sıra 143 kabin fiyatında
B40: 6001.D | C40: Güvenlik kabini split DU konsolu + titreşim takozu + kablolu kumanda + kontak rölesi, montaj-devreye alma | D40: takım | E40: 1 | F40: 0 | G40: - | H40: =F40 | I40: 120 | J40: =H40*I40 | K40: KAPSAM DIŞI (0) | L40: TAHMIN | M40: İdare: kabin splitleri sıra 143 kabin fiyatında
A41: 163 | B41: 6001.E | C41: Hızmalı Köprüsü İstasyonu Isıtma Soğutma Sistemi (1 set) | H41: RFQ tutarı → | I41: =SUMPRODUCT(E42:E49,I42:I49) | J41: =SUM(J42:J49)
B42: 6001.E | C42: Split klima duvar tipi inverter IU-1/DU-1, 5 kW soğutma, R410A, dış ünite dahil komple (pano odası) | D42: adet | E42: 2 | F42: 2 | G42: - | H42: =F42 | I42: 1885.16 | J42: =H42*I42 | K42: GEÇMİŞ TEKLİF UYARLAMA | L42: REF
B43: 6001.E | C43: Split klima bakır boru izolasyonlu (sıvı+gaz çifti 1/4"-1/2") + bağlantı kablosu | D43: m | E43: 6 | F43: 6 | G43: fire+%30 | H43: =F43/IF(Varsayimlar!$B$21=1,1.43,1) | I43: 22 | J43: =H43*I43 | K43: MÜHENDİSLİK TAHMİNİ | L43: TAHMIN
B44: 6001.E | C44: Klima yoğuşma drenaj borusu PVC/PPRC Ø20-25 (hatta bırakılacak) | D44: m | E44: 5 | F44: 5 | G44: fire+%30 | H44: =F44/IF(Varsayimlar!$B$21=1,1.43,1) | I44: 5 | J44: =H44*I44 | K44: GEÇMİŞ TEKLİF UYARLAMA | L44: REF-duz [ref 2.17] | M44: Ref malzeme fiyatı; montajlı
B45: 6001.E | C45: DU montaj konsolu + titreşim takozu, kablolu kumanda, montaj-test-devreye alma | D45: takım | E45: 1 | F45: 1 | G45: - | H45: =F45 | I45: 150 | J45: =H45*I45 | K45: MÜHENDİSLİK TAHMİNİ | L45: TAHMIN
B46: 6001.E | C46: Güvenlik kabini split klima inverter ~2,5 kW duvar tipi, R410A, dış ünite dahil + kapı/pencere kontak sistemi | D46: adet | E46: 2 | F46: 0 | G46: %30 | H46: =F46/IF(Varsayimlar!$B$21=1,1.3,1) | I46: 950 | J46: =H46*I46 | K46: KAPSAM DIŞI (0) | L46: REF-duz [ref 553.26] | M46: İdare: kabin splitleri sıra 143 kabin fiyatında
B47: 6001.E | C47: Güvenlik kabini split bakır boru izolasyonlu (1/4"-3/8") + bağlantı kablosu | D47: m | E47: 6 | F47: 0 | G47: fire+%30 | H47: =F47/IF(Varsayimlar!$B$21=1,1.43,1) | I47: 18 | J47: =H47*I47 | K47: KAPSAM DIŞI (0) | L47: TAHMIN | M47: İdare: kabin splitleri sıra 143 kabin fiyatında
B48: 6001.E | C48: Güvenlik kabini split yoğuşma drenaj borusu PVC Ø20 | D48: m | E48: 5 | F48: 0 | G48: fire+%30 | H48: =F48/IF(Varsayimlar!$B$21=1,1.43,1) | I48: 5 | J48: =H48*I48 | K48: KAPSAM DIŞI (0) | L48: REF-duz [ref 1.91] | M48: İdare: kabin splitleri sıra 143 kabin fiyatında
B49: 6001.E | C49: Güvenlik kabini split DU konsolu + titreşim takozu + kablolu kumanda + kontak rölesi, montaj-devreye alma | D49: takım | E49: 1 | F49: 0 | G49: - | H49: =F49 | I49: 120 | J49: =H49*I49 | K49: KAPSAM DIŞI (0) | L49: TAHMIN | M49: İdare: kabin splitleri sıra 143 kabin fiyatında
A50: 164 | B50: 6001.F | C50: Göbeklitepe İstasyonu Isıtma Soğutma Sistemi (1 set) | H50: RFQ tutarı → | I50: =SUMPRODUCT(E51:E58,I51:I58) | J50: =SUM(J51:J58)
B51: 6001.F | C51: Split klima duvar tipi inverter IU-1/DU-1, 5 kW soğutma, R410A, dış ünite dahil komple (pano odası) | D51: adet | E51: 3 | F51: 3 | G51: - | H51: =F51 | I51: 1885.16 | J51: =H51*I51 | K51: GEÇMİŞ TEKLİF UYARLAMA | L51: REF
B52: 6001.F | C52: Split klima bakır boru izolasyonlu (sıvı+gaz çifti 1/4"-1/2") + bağlantı kablosu | D52: m | E52: 11 | F52: 11 | G52: fire+%30 | H52: =F52/IF(Varsayimlar!$B$21=1,1.43,1) | I52: 22 | J52: =H52*I52 | K52: MÜHENDİSLİK TAHMİNİ | L52: TAHMIN
B53: 6001.F | C53: Klima yoğuşma drenaj borusu PVC/PPRC Ø20-25 (hatta bırakılacak) | D53: m | E53: 9 | F53: 9 | G53: fire+%30 | H53: =F53/IF(Varsayimlar!$B$21=1,1.43,1) | I53: 5 | J53: =H53*I53 | K53: GEÇMİŞ TEKLİF UYARLAMA | L53: REF-duz [ref 2.17] | M53: Ref malzeme fiyatı; montajlı
B54: 6001.F | C54: DU montaj konsolu + titreşim takozu, kablolu kumanda, montaj-test-devreye alma | D54: takım | E54: 2 | F54: 2 | G54: - | H54: =F54 | I54: 150 | J54: =H54*I54 | K54: MÜHENDİSLİK TAHMİNİ | L54: TAHMIN
B55: 6001.F | C55: Güvenlik kabini split klima inverter ~2,5 kW duvar tipi, R410A, dış ünite dahil + kapı/pencere kontak sistemi | D55: adet | E55: 2 | F55: 0 | G55: %30 | H55: =F55/IF(Varsayimlar!$B$21=1,1.3,1) | I55: 950 | J55: =H55*I55 | K55: KAPSAM DIŞI (0) | L55: REF-duz [ref 553.26] | M55: İdare: kabin splitleri sıra 143 kabin fiyatında
B56: 6001.F | C56: Güvenlik kabini split bakır boru izolasyonlu (1/4"-3/8") + bağlantı kablosu | D56: m | E56: 6 | F56: 0 | G56: fire+%30 | H56: =F56/IF(Varsayimlar!$B$21=1,1.43,1) | I56: 18 | J56: =H56*I56 | K56: KAPSAM DIŞI (0) | L56: TAHMIN | M56: İdare: kabin splitleri sıra 143 kabin fiyatında
B57: 6001.F | C57: Güvenlik kabini split yoğuşma drenaj borusu PVC Ø20 | D57: m | E57: 5 | F57: 0 | G57: fire+%30 | H57: =F57/IF(Varsayimlar!$B$21=1,1.43,1) | I57: 5 | J57: =H57*I57 | K57: KAPSAM DIŞI (0) | L57: REF-duz [ref 1.91] | M57: İdare: kabin splitleri sıra 143 kabin fiyatında
B58: 6001.F | C58: Güvenlik kabini split DU konsolu + titreşim takozu + kablolu kumanda + kontak rölesi, montaj-devreye alma | D58: takım | E58: 1 | F58: 0 | G58: - | H58: =F58 | I58: 120 | J58: =H58*I58 | K58: KAPSAM DIŞI (0) | L58: TAHMIN | M58: İdare: kabin splitleri sıra 143 kabin fiyatında
A59: 165 | B59: 6001.G | C59: Trafo Binaları Isıtma Soğutma Sistemi (4 set) | H59: RFQ tutarı → | I59: =SUMPRODUCT(E60:E71,I60:I71) | J59: =SUM(J60:J71)
B60: 6001.G | C60: VRF iç ünite kanallı tavan tipi IU-01, 9,0/10,0 kW, R410A, drenaj pompasız, uzaktan kumandalı | D60: adet | E60: 2 | F60: 2 | G60: - | H60: =F60 | I60: 1425.83 | J60: =H60*I60 | K60: GEÇMİŞ TEKLİF UYARLAMA | L60: REF
B61: 6001.G | C61: VRF iç ünite kanallı tavan tipi IU-02, 14,0/16,0 kW, R410A | D61: adet | E61: 15 | F61: 15 | G61: %30 | H61: =F61/IF(Varsayimlar!$B$21=1,1.3,1) | I61: 1850 | J61: =H61*I61 | K61: GEÇMİŞ TEKLİF UYARLAMA | L61: REF-duz [ref 1518.34] | M61: 14 kW kanallı; 9 kW ile tutarlı montajlı fiyat
B62: 6001.G | C62: VRF dış ünite DU-01, 78/87 kW, 23,1 kW, 380V (1 asıl + 1 yedek) | D62: adet | E62: 2 | F62: 2 | G62: - | H62: =F62 | I62: 21960.96 | J62: =H62*I62 | K62: GEÇMİŞ TEKLİF UYARLAMA | L62: REF
B63: 6001.G | C63: VRF dış ünite DU-02, 84/94 kW, 24,7 kW, 380V (1 asıl + 1 yedek) | D63: adet | E63: 2 | F63: 2 | G63: - | H63: =F63 | I63: 23500 | J63: =H63*I63 | K63: GEÇMİŞ TEKLİF UYARLAMA | L63: REF-duz [ref 20968.97] | M63: 84 kW; 78 kW DU-01 ile kW oranında tutarlı
B64: 6001.G | C64: VRF bakır boru hattı (izolasyonlu sıvı/gaz çifti 3/8"-5/8" … 3/4"-1 3/8") + refnet/branş kitleri | D64: m | E64: 102 | F64: 102 | G64: fire+%30 | H64: =F64/IF(Varsayimlar!$B$21=1,1.43,1) | I64: 32 | J64: =H64*I64 | K64: MÜHENDİSLİK TAHMİNİ | L64: TAHMIN | M64: VRF büyük çaplı izoleli boru
B65: 6001.G | C65: Refnet (branş) kiti | D65: adet | E65: 10 | F65: 10 | G65: - | H65: =F65 | I65: 220 | J65: =H65*I65 | K65: MÜHENDİSLİK TAHMİNİ | L65: TAHMIN
B66: 6001.G | C66: Soğutucu akışkan R410A ilave şarj | D66: kg | E66: 20 | F66: 20 | G66: - | H66: =F66 | I66: 25 | J66: =H66*I66 | K66: MÜHENDİSLİK TAHMİNİ | L66: TAHMIN
B67: 6001.G | C67: Kanallı iç ünite üfleme kanalı (galvaniz sac) + menfez/difüzör | D67: m² | E67: 52 | F67: 52 | G67: %30 | H67: =F67/IF(Varsayimlar!$B$21=1,1.3,1) | I67: 42 | J67: =H67*I67 | K67: MÜHENDİSLİK TAHMİNİ | L67: TAHMIN | M67: Kanal ~35 €/m² + menfez payı
B68: 6001.G | C68: Kablolu VRF kumandası + merkezi kontrol/BMS-SCADA ara yüz modülü | D68: adet | E68: 13 | F68: 13 | G68: %30 | H68: =F68/IF(Varsayimlar!$B$21=1,1.3,1) | I68: 220 | J68: =H68*I68 | K68: MÜHENDİSLİK TAHMİNİ | L68: TAHMIN | M68: Kumanda + merkezi kontrol payı
B69: 6001.G | C69: Klima kondens drenaj borusu PPRC DN25/DN32 (tretuvara tahliye) | D69: m | E69: 75 | F69: 75 | G69: fire+%30 | H69: =F69/IF(Varsayimlar!$B$21=1,1.43,1) | I69: 8 | J69: =H69*I69 | K69: GEÇMİŞ TEKLİF UYARLAMA | L69: REF-duz [ref 3.22] | M69: Ref malzeme fiyatı; montajlı
B70: 6001.G | C70: DU beton kaide/çelik taşıyıcı + titreşim takozları | D70: takım | E70: 4 | F70: 4 | G70: - | H70: =F70 | I70: 450 | J70: =H70*I70 | K70: MÜHENDİSLİK TAHMİNİ | L70: TAHMIN
B71: 6001.G | C71: Mekanik (klima) besleme/MCC panosu | D71: adet | E71: 1 | F71: 1 | G71: - | H71: =F71 | I71: 6000 | J71: =H71*I71 | K71: MÜHENDİSLİK TAHMİNİ | L71: TAHMIN
A72: 166 | B72: 6001.H | C72: Depo-Kontrol Binaları Isıtma Soğutma Sistemi (1 set) | H72: RFQ tutarı → | I72: =SUMPRODUCT(E73:E104,I73:I104) | J72: =SUM(J73:J104)
B73: 6001.H | C73: D01 VRF iç ünite IU-1 4 yöne üflemeli kaset 2,5 kW (ofisler) | D73: adet | E73: 17 | F73: 17 | G73: %30 | H73: =F73/IF(Varsayimlar!$B$21=1,1.3,1) | I73: 950 | J73: =H73*I73 | K73: MÜHENDİSLİK TAHMİNİ | L73: TAHMIN
B74: 6001.H | C74: D01 VRF iç ünite IU-2 4 yöne üflemeli kaset 4,0 kW (ofisler) | D74: adet | E74: 12 | F74: 12 | G74: %30 | H74: =F74/IF(Varsayimlar!$B$21=1,1.3,1) | I74: 1050 | J74: =H74*I74 | K74: MÜHENDİSLİK TAHMİNİ | L74: TAHMIN
B75: 6001.H | C75: D01 VRF iç ünite IU-3 4 yöne üflemeli kaset 7,0 kW (ofisler) | D75: adet | E75: 15 | F75: 15 | G75: %30 | H75: =F75/IF(Varsayimlar!$B$21=1,1.3,1) | I75: 1278.29 | J75: =H75*I75 | K75: GEÇMİŞ TEKLİF UYARLAMA | L75: REF
B76: 6001.H | C76: D01 VRF iç ünite IU-4 duvar tipi 2,5 kW (atölye alanları) | D76: adet | E76: 8 | F76: 8 | G76: %30 | H76: =F76/IF(Varsayimlar!$B$21=1,1.3,1) | I76: 750 | J76: =H76*I76 | K76: GEÇMİŞ TEKLİF UYARLAMA | L76: REF-duz [ref 11525.85] | M76: Ref 11.526 hatalı (set/sistem); 2,5 kW duvar tipi
B77: 6001.H | C77: D01 VRF iç ünite IU-5 kanallı asma tavan 9,0 kW (yemekhane) | D77: adet | E77: 3 | F77: 3 | G77: %30 | H77: =F77/IF(Varsayimlar!$B$21=1,1.3,1) | I77: 1274.37 | J77: =H77*I77 | K77: GEÇMİŞ TEKLİF UYARLAMA | L77: REF
B78: 6001.H | C78: D01 VRF dış ünite modülü DU-1 inverter, 380V (teras) — sistem 78 kW = 2 çalışan + 2 yedek modül (~39 kW/modül) | D78: adet | E78: 4 | F78: 4 | G78: - | H78: =F78 | I78: 11500 | J78: =H78*I78 | K78: MÜHENDİSLİK TAHMİNİ | L78: TAHMIN | M78: ~39 kW modül; DU-01 78 kW fiyatı ile tutarlı
B79: 6001.H | C79: D01 VRF dış ünite modülü DU-2 inverter, 380V (teras) — sistem 84 kW = 2 çalışan + 2 yedek modül (~42 kW/modül) | D79: adet | E79: 4 | F79: 4 | G79: - | H79: =F79 | I79: 12200 | J79: =H79*I79 | K79: MÜHENDİSLİK TAHMİNİ | L79: TAHMIN | M79: ~42 kW modül
B80: 6001.H | C80: D01 Split klima inverter SP-1/DU-3 3,5 kW (elektrik odaları) | D80: adet | E80: 12 | F80: 12 | G80: - | H80: =F80 | I80: 1100 | J80: =H80*I80 | K80: GEÇMİŞ TEKLİF UYARLAMA | L80: REF-duz [ref 634.25] | M80: Ref düşük; montajlı 3,5 kW split
B81: 6001.H | C81: D01 Radyant ısıtıcı RI-1 duvar tipi 3,0 kW 380V (atölye ve boji yıkama) | D81: adet | E81: 73 | F81: 73 | G81: - | H81: =F81 | I81: 350 | J81: =H81*I81 | K81: MÜHENDİSLİK TAHMİNİ | L81: TAHMIN
B82: 6001.H | C82: D01 Elektrikli radyatör ER-1 1,0 kW (depo alanı) | D82: adet | E82: 3 | F82: 3 | G82: %30 | H82: =F82/IF(Varsayimlar!$B$21=1,1.3,1) | I82: 162.47 | J82: =H82*I82 | K82: GEÇMİŞ TEKLİF UYARLAMA | L82: REF
B83: 6001.H | C83: D01 Elektrikli radyatör ER-2 2,0 kW (ısı merkezi) | D83: adet | E83: 2 | F83: 2 | G83: %30 | H83: =F83/IF(Varsayimlar!$B$21=1,1.3,1) | I83: 209.25 | J83: =H83*I83 | K83: GEÇMİŞ TEKLİF UYARLAMA | L83: REF
B84: 6001.H | C84: D01 VRF bakır boru hattı izolasyonlu (sıvı+gaz çifti, 3/8"…1 5/8") + refnet | D84: m | E84: 341 | F84: 341 | G84: fire+%30 | H84: =F84/IF(Varsayimlar!$B$21=1,1.43,1) | I84: 30 | J84: =H84*I84 | K84: GEÇMİŞ TEKLİF UYARLAMA | L84: REF-duz [ref 24.8] | M84: VRF büyük çap; montaj+izolasyon
B85: 6001.H | C85: D01 split klima bakır boru (1/4"-1/2", 3/8"-5/8") | D85: m | E85: 104 | F85: 104 | G85: fire+%30 | H85: =F85/IF(Varsayimlar!$B$21=1,1.43,1) | I85: 22 | J85: =H85*I85 | K85: MÜHENDİSLİK TAHMİNİ | L85: TAHMIN
B86: 6001.H | C86: D01 VRF refnet/branş kiti | D86: adet | E86: 45 | F86: 45 | G86: - | H86: =F86 | I86: 220 | J86: =H86*I86 | K86: GEÇMİŞ TEKLİF UYARLAMA | L86: REF-duz [ref 1004.24] | M86: Ref 1.004 aşırı yüksek; refnet kiti montajlı
B87: 6001.H | C87: D01 klima kondens drenaj borusu PPRC/PVC Ø25-Ø32 | D87: m | E87: 316 | F87: 316 | G87: fire+%30 | H87: =F87/IF(Varsayimlar!$B$21=1,1.43,1) | I87: 8 | J87: =H87*I87 | K87: GEÇMİŞ TEKLİF UYARLAMA | L87: REF-duz [ref 2.54] | M87: Ref malzeme fiyatı; montajlı
B88: 6001.H | C88: D01 VRF kablolu kumanda + merkezi kontrol/BMS ara yüzü | D88: adet | E88: 42 | F88: 42 | G88: %30 | H88: =F88/IF(Varsayimlar!$B$21=1,1.3,1) | I88: 220 | J88: =H88*I88 | K88: GEÇMİŞ TEKLİF UYARLAMA | L88: REF-duz [ref 1165.02] | M88: Ref yüksek; kumanda + merkezi kontrol payı
B89: 6001.H | C89: D01 kanallı IU-5 üfleme/dönüş kanalı ve menfezleri | D89: m² | E89: 43 | F89: 43 | G89: %30 | H89: =F89/IF(Varsayimlar!$B$21=1,1.3,1) | I89: 42 | J89: =H89*I89 | K89: MÜHENDİSLİK TAHMİNİ | L89: TAHMIN | M89: Kanal + menfez
B90: 6001.H | C90: D01 R410A ilave soğutucu şarjı | D90: kg | E90: 60 | F90: 60 | G90: - | H90: =F90 | I90: 25 | J90: =H90*I90 | K90: MÜHENDİSLİK TAHMİNİ | L90: TAHMIN
B91: 6001.H | C91: D01 dış ünite çelik kaide/titreşim takozu | D91: takım | E91: 8 | F91: 8 | G91: - | H91: =F91 | I91: 450 | J91: =H91*I91 | K91: MÜHENDİSLİK TAHMİNİ | L91: TAHMIN
B92: 6001.H | C92: D05 Split klima inverter IU-01/DU-01 3,5 kW (ustabaşı ve dinlenme odaları) | D92: adet | E92: 7 | F92: 7 | G92: - | H92: =F92 | I92: 1100 | J92: =H92*I92 | K92: MÜHENDİSLİK TAHMİNİ | L92: TAHMIN | M92: 3,5 kW split montajlı
B93: 6001.H | C93: D05 Radyant ısıtıcı RI-01 duvar tipi 3,0 kW 380V (hat bakım malzeme deposu ve bakım aracı parkı) | D93: adet | E93: 6 | F93: 6 | G93: - | H93: =F93 | I93: 350 | J93: =H93*I93 | K93: MÜHENDİSLİK TAHMİNİ | L93: TAHMIN
B94: 6001.H | C94: D05 split bakır boru hattı izolasyonlu | D94: m | E94: 63 | F94: 63 | G94: fire+%30 | H94: =F94/IF(Varsayimlar!$B$21=1,1.43,1) | I94: 20.18 | J94: =H94*I94 | K94: GEÇMİŞ TEKLİF UYARLAMA | L94: REF
B95: 6001.H | C95: D05 klima kondens drenajı PVC Ø25 (duvardan) | D95: m | E95: 19 | F95: 19 | G95: fire %10 | H95: =F95/IF(Varsayimlar!$B$21=1,1.1,1) | I95: 6 | J95: =H95*I95 | K95: GEÇMİŞ TEKLİF UYARLAMA | L95: REF-duz [ref 3.02] | M95: Ref malzeme fiyatı; montajlı
B96: 6001.H | C96: D07 Split klima inverter IU-1/DU-1 3,3/3,47 kW (kontrol odası) | D96: adet | E96: 3 | F96: 3 | G96: - | H96: =F96 | I96: 1100 | J96: =H96*I96 | K96: MÜHENDİSLİK TAHMİNİ | L96: TAHMIN
B97: 6001.H | C97: D07 split bakır boru + kondens drenajı Ø25 (süzgeç üzerine) | D97: m | E97: 21 | F97: 21 | G97: fire+%30 | H97: =F97/IF(Varsayimlar!$B$21=1,1.43,1) | I97: 26 | J97: =H97*I97 | K97: MÜHENDİSLİK TAHMİNİ | L97: TAHMIN | M97: Bakır boru + drenaj birlikte
B98: 6001.H | C98: D02/T13 Depo trafo binası VRF iç ünite IU-01 14,0 kW (kanallı/tavan) | D98: adet | E98: 16 | F98: 16 | G98: - | H98: =F98 | I98: 1850 | J98: =H98*I98 | K98: MÜHENDİSLİK TAHMİNİ | L98: TAHMIN | M98: 14 kW kanallı; trafo IU-02 ile aynı
B99: 6001.H | C99: D02/T13 VRF dış ünite DU-01 140 kW, 40,8 kW el., 380V (1 asıl + 1 yedek) | D99: adet | E99: 2 | F99: 2 | G99: - | H99: =F99 | I99: 31348.95 | J99: =H99*I99 | K99: GEÇMİŞ TEKLİF UYARLAMA | L99: REF
B100: 6001.H | C100: D02/T13 VRF bakır boru (3/8-5/8: 37,3; 3/8-7/8: 13,6; 1/2-1 1/8: 6,4; 5/8-1 1/8: 4,2; 3/4-1 3/8: 8,4; 5/8-1 3/8: 1,2 m) | D100: m | E100: 102 | F100: 102 | G100: fire+%30 | H100: =F100/IF(Varsayimlar!$B$21=1,1.43,1) | I100: 32 | J100: =H100*I100 | K100: MÜHENDİSLİK TAHMİNİ | L100: TAHMIN
B101: 6001.H | C101: D02/T13 kablolu VRF kumandası | D101: adet | E101: 8 | F101: 8 | G101: %30 | H101: =F101/IF(Varsayimlar!$B$21=1,1.3,1) | I101: 150 | J101: =H101*I101 | K101: GEÇMİŞ TEKLİF UYARLAMA | L101: REF-duz [ref 85.04] | M101: Ref malzeme; montaj+bağlantı dahil
...

Sheet Asansor
A1: 3 ASANSÖR – Sıra 364–365 (13 asansör)
A2: EUR, KDV hariç, montaj+test+devreye alma dahil (taşeron fiyatı), Ekim 2026. Turuncu miktar: idare cevabıyla (05.10.2026) değişen kalem. Metraj payı: RFQ'daki bilinçli şişirmenin (%10 fire, dağıtık malzemede %30) bütçeden geri alınması. Fiyat türü renkleri: yeşil = 2026 firma teklifi; mavi = geçmiş tekliften uyarlama (ECB kuru + Euro Bölgesi HICP ile Ağu-2026'ya taşınmış, gerekirse montaj/boyut düzeltmeli); sarı = mühendislik tahmini (emsal yok); gri = idare cevabıyla kapsam dışı.
A4: Sıra | B4: Poz | C4: Kalem / Alt kalem | D4: Birim | E4: Miktar (RFQ cetveli) | F4: Miktar (idare cevabına göre) | G4: Metraj payı geri alınan | H4: Net miktar (bütçe) | I4: Birim fiyat EUR (montaj dahil) | J4: Tutar EUR | K4: Fiyat türü | L4: Fiyat kaynağı / emsal (proje, firma, yıl, uyarlama) | M4: Not / düzeltme
A5: 364 | B5: 5010.A | C5: 2 Duraklı 13 Kişilik Asansör (12 adet – 4 üst geçit × 3) | H5: RFQ tutarı → | I5: =SUMPRODUCT(E6:E9,I6:I9) | J5: =SUM(J6:J9)
B6: 5010.A | C6: Asansör 1000 kg, 2 durak, MRL dişlisiz, VVVF, 1 m/s, cam+paslanmaz kabin – S09 Hızmalı Köprüsü | D6: adet | E6: 3 | F6: 3 | G6: - | H6: =F6 | I6: =MEDIAN(Teklifler!$G$4:$G$6) | J6: =H6*I6 | K6: 2026 TEKLİF | L6: TEKLİF medyanı (Schindler, TK, Emlift) | M6: Bakım hariç; yeşil etiket, eğitim dahil
B7: 5010.A | C7: Asansör 1000 kg – S10 Balıklıgöl | D7: adet | E7: 3 | F7: 3 | G7: - | H7: =F7 | I7: =MEDIAN(Teklifler!$G$4:$G$6) | J7: =H7*I7 | K7: 2026 TEKLİF | L7: TEKLİF medyanı
B8: 5010.A | C8: Asansör 1000 kg – S11 Eyyüp Peygamber | D8: adet | E8: 3 | F8: 3 | G8: - | H8: =F8 | I8: =MEDIAN(Teklifler!$G$4:$G$6) | J8: =H8*I8 | K8: 2026 TEKLİF | L8: TEKLİF medyanı
B9: 5010.A | C9: Asansör 1000 kg – S12 Rasathane | D9: adet | E9: 3 | F9: 3 | G9: - | H9: =F9 | I9: =MEDIAN(Teklifler!$G$4:$G$6) | J9: =H9*I9 | K9: 2026 TEKLİF | L9: TEKLİF medyanı
A10: 365 | B10: 5010.B | C10: 2 Duraklı 10 Kişilik 800 kg Asansör (D01 idari bina) | H10: RFQ tutarı → | I10: =SUMPRODUCT(E11:E11,I11:I11) | J10: =SUM(J11:J11)
B11: 5010.B | C11: Asansör 800 kg, 2 durak (zemin/1. kat), MRL, VVVF, 1 m/s – D01 | D11: adet | E11: 1 | F11: 1 | G11: - | H11: =F11 | I11: =MEDIAN(Teklifler!$H$4:$H$6) | J11: =H11*I11 | K11: 2026 TEKLİF | L11: TEKLİF medyanı
C13: TOPLAM (net metraj, idare cevaplarına göre) | J13: =J5+J10
C14: Karşılaştırma: RFQ cetvel miktarlarıyla (şişirmeli, düzeltmesiz) tutar | J14: =I5+I10
C15: Fark (metraj payları + idare cevapları) | J15: =J13-J14
C17: FİYAT TÜRÜNE GÖRE DAĞILIM
C18: 2026 TEKLİF | J18: =SUMIF($K$5:$K$11,"2026 TEKLİF",$J$5:$J$11) | K18: =IF($J$13=0,0,J18/$J$13)
C19: GEÇMİŞ TEKLİF UYARLAMA | J19: =SUMIF($K$5:$K$11,"GEÇMİŞ TEKLİF UYARLAMA",$J$5:$J$11) | K19: =IF($J$13=0,0,J19/$J$13)
C20: MÜHENDİSLİK TAHMİNİ | J20: =SUMIF($K$5:$K$11,"MÜHENDİSLİK TAHMİNİ",$J$5:$J$11) | K20: =IF($J$13=0,0,J20/$J$13)

Sheet Sinyal
A1: 4 SİNYALİZASYON VE ARAÇ TAKİP (AVLS) – Sıra 228–235
A2: EUR, KDV hariç, montaj+test+devreye alma dahil (taşeron fiyatı), Ekim 2026. Turuncu miktar: idare cevabıyla (05.10.2026) değişen kalem. Metraj payı: RFQ'daki bilinçli şişirmenin (%10 fire, dağıtık malzemede %30) bütçeden geri alınması. Fiyat türü renkleri: yeşil = 2026 firma teklifi; mavi = geçmiş tekliften uyarlama (ECB kuru + Euro Bölgesi HICP ile Ağu-2026'ya taşınmış, gerekirse montaj/boyut düzeltmeli); sarı = mühendislik tahmini (emsal yok); gri = idare cevabıyla kapsam dışı.
A4: Sıra | B4: Poz | C4: Kalem / Alt kalem | D4: Birim | E4: Miktar (RFQ cetveli) | F4: Miktar (idare cevabına göre) | G4: Metraj payı geri alınan | H4: Net miktar (bütçe) | I4: Birim fiyat EUR (montaj dahil) | J4: Tutar EUR | K4: Fiyat türü | L4: Fiyat kaynağı / emsal (proje, firma, yıl, uyarlama) | M4: Not / düzeltme
A5: 228 | B5: 3001 | C5: Sinyalizasyon Sistemi Tasarımı | H5: RFQ tutarı → | I5: =SUMPRODUCT(E6:E6,I6:I6) | J5: =SUM(J6:J6)
B6: 3001 | C6: Tasarım paketi: simülasyon, mimari/kilitleme tabloları, uygulama ve kablo projeleri, RAMS/Safety Case (SIL3/SIL2), ISA, test prosedürleri, KET izin dosyası | D6: set | E6: 1 | F6: 1 | G6: - | H6: =F6 | I6: 207246 | J6: =H6*I6 | K6: GEÇMİŞ TEKLİF UYARLAMA | L6: REF (4 ref; seçilen BF) | M6: İdare: sıra 228 yalnız tasarım; ekipman 229–232'den
A7: 229 | B7: 3001.A | C7: Hat Boyu Sinyalizasyon Sistemi | H7: RFQ tutarı → | I7: =SUMPRODUCT(E8:E46,I8:I46) | J7: =SUM(J8:J46)
B8: 3001.A | C8: Elektrikli makas motoru (IP67, iç kilitli, uç konum dedektörlü) – ana hat | D8: takım | E8: 12 | F8: 16 | G8: - | H8: =F8 | I8: 17785 | J8: =H8*I8 | K8: GEÇMİŞ TEKLİF UYARLAMA | L8: REF (CONTEC CSV24 / H&K HW61 / Elektroline TSH102: 15.255–19.316) | M8: İdare soru 3: ana hattaki tüm makaslar motorlu (+4, C4 kruvazmanı)
B9: 3001.A | C9: Makas motoru tahrik/dedeksiyon çubukları + dil kilidi seti | D9: takım | E9: 12 | F9: 16 | G9: - | H9: =F9 | I9: 2969 | J9: =H9*I9 | K9: GEÇMİŞ TEKLİF UYARLAMA | L9: REF (Bombardier bars) | M9: Motor adedine bağlı
B10: 3001.A | C10: Manuel makas hareket mekanizması (ana hat) | D10: takım | E10: 4 | F10: 0 | G10: - | H10: =F10 | I10: 5484 | J10: =H10*I10 | K10: KAPSAM DIŞI (0) | L10: REF | M10: İdare soru 3: manuel makas yok
B11: 3001.A | C11: Manuel makas konum izleme kutusu (IO/RTU) | D11: adet | E11: 1 | F11: 0 | G11: - | H11: =F11 | I11: 3000 | J11: =H11*I11 | K11: KAPSAM DIŞI (0) | L11: TAHMİN | M11: Manuel makas kalmadı
B12: 3001.A | C12: Lokal kontrol ve kumanda kabini SKP (SIL3, GRP IP54) | D12: adet | E12: 3 | F12: 4 | G12: - | H12: =F12 | I12: 88734 | J12: =H12*I12 | K12: GEÇMİŞ TEKLİF UYARLAMA | L12: REF (12 ref, medyan) | M12: C4 kruvazmanı motorlu olduğundan ilave kontrol birimi (temkinli kabul)
B13: 3001.A | C13: Sorgulayıcı (interrogator) birimi – SKP içi | D13: adet | E13: 4 | F13: 5 | G13: - | H13: =F13 | I13: 6000 | J13: =H13*I13 | K13: MÜHENDİSLİK TAHMİNİ | L13: TAHMİN | M13: SKP ile birlikte +1
B14: 3001.A | C14: Alıcı endüktif lup (güzergah talep) – makas bölgeleri | D14: adet | E14: 11 | F14: 11 | G14: - | H14: =F14 | I14: 2814 | J14: =H14*I14 | K14: GEÇMİŞ TEKLİF UYARLAMA | L14: REF (4 ref)
B15: 3001.A | C15: Ray devresi / kütle dedektörü (makas kilitleme, bölge meşgul) | D15: adet | E15: 34 | F15: 34 | G15: - | H15: =F15 | I15: 5614 | J15: =H15*I15 | K15: GEÇMİŞ TEKLİF UYARLAMA | L15: REF (4 ref)
B16: 3001.A | C16: Ana hat makas sinyal lambası 3 ışıklı LED + talep alındı lambası | D16: takım | E16: 11 | F16: 11 | G16: - | H16: =F16 | I16: 5173 | J16: =H16*I16 | K16: GEÇMİŞ TEKLİF UYARLAMA | L16: REF (3 ref)
B17: 3001.A | C17: Sinyal lamba direği – makas bölgeleri | D17: adet | E17: 11 | F17: 11 | G17: - | H17: =F17 | I17: 1200 | J17: =H17*I17 | K17: MÜHENDİSLİK TAHMİNİ | L17: TAHMİN
B18: 3001.A | C18: Lokal talep anahtarı – makas bölgeleri | D18: adet | E18: 11 | F18: 11 | G18: - | H18: =F18 | I18: 800 | J18: =H18*I18 | K18: MÜHENDİSLİK TAHMİNİ | L18: TAHMİN
B19: 3001.A | C19: Karayolu kavşağı sinyalizasyon kontrol kabini TSP (tramvay öncelik) | D19: adet | E19: 5 | F19: 5 | G19: - | H19: =F19 | I19: 8627 | J19: =H19*I19 | K19: GEÇMİŞ TEKLİF UYARLAMA | L19: REF (3 ref) | M19: Tramvay tarafı; kapsamda kalır
B20: 3001.A | C20: Alıcı endüktif lup (ON/OFF öncelik talep) – kavşaklar | D20: adet | E20: 24 | F20: 24 | G20: - | H20: =F20 | I20: 2814 | J20: =H20*I20 | K20: GEÇMİŞ TEKLİF UYARLAMA | L20: REF (makas lupu BF)
B21: 3001.A | C21: Tramvay sinyal lambası 2 ışıklı LED – kavşaklar | D21: adet | E21: 12 | F21: 12 | G21: - | H21: =F21 | I21: 3600 | J21: =H21*I21 | K21: MÜHENDİSLİK TAHMİNİ | L21: TAHMİN (tek ref 7.268 aykırı)
B22: 3001.A | C22: Tramvay sinyal direği – kavşaklar | D22: adet | E22: 12 | F22: 12 | G22: - | H22: =F22 | I22: 1200 | J22: =H22*I22 | K22: MÜHENDİSLİK TAHMİNİ | L22: TAHMİN
B23: 3001.A | C23: Lokal kumanda anahtarı – kavşaklar | D23: adet | E23: 12 | F23: 12 | G23: - | H23: =F23 | I23: 800 | J23: =H23*I23 | K23: MÜHENDİSLİK TAHMİNİ | L23: TAHMİN
B24: 3001.A | C24: Yaya geçidi tramvay uyarı seti (flaşör + levha) | D24: adet | E24: 6 | F24: 6 | G24: - | H24: =F24 | I24: 2500 | J24: =H24*I24 | K24: MÜHENDİSLİK TAHMİNİ | L24: TAHMİN
B25: 3001.A | C25: Yaya geçidi uyarı kontrol kutusu + aktivasyon lupu | D25: takım | E25: 3 | F25: 3 | G25: - | H25: =F25 | I25: 6000 | J25: =H25*I25 | K25: MÜHENDİSLİK TAHMİNİ | L25: TAHMİN
B26: 3001.A | C26: TSKP karayolu kavşak kontrol cihazı | D26: adet | E26: 6 | F26: 0 | G26: - | H26: =F26 | I26: 18000 | J26: =H26*I26 | K26: KAPSAM DIŞI (0) | L26: TAHMİN | M26: İdare soru 1: TSKP kapsam dışı
B27: 3001.A | C27: Karayolu trafik lambası 300'lük başüstü | D27: adet | E27: 20 | F27: 0 | G27: - | H27: =F27 | I27: 900 | J27: =H27*I27 | K27: KAPSAM DIŞI (0) | L27: TAHMİN | M27: İdare soru 1: kapsam dışı
B28: 3001.A | C28: Karayolu trafik lambası 200'lük direk tipi | D28: adet | E28: 44 | F28: 0 | G28: - | H28: =F28 | I28: 450 | J28: =H28*I28 | K28: KAPSAM DIŞI (0) | L28: TAHMİN | M28: İdare soru 1: kapsam dışı
B29: 3001.A | C29: Yaya lambası + yaya butonu | D29: takım | E29: 44 | F29: 0 | G29: - | H29: =F29 | I29: 500 | J29: =H29*I29 | K29: KAPSAM DIŞI (0) | L29: TAHMİN | M29: İdare soru 1: kapsam dışı
B30: 3001.A | C30: Trafik lambası direği 3,5 m / 6 m konsollu | D30: adet | E30: 64 | F30: 0 | G30: - | H30: =F30 | I30: 900 | J30: =H30*I30 | K30: KAPSAM DIŞI (0) | L30: TAHMİN | M30: İdare soru 1: kapsam dışı
B31: 3001.A | C31: Karayolu trafik sinyal kabloları (TSKP–lambalar) | D31: m | E31: 2695 | F31: 0 | G31: fire %10 | H31: =F31/IF(Varsayimlar!$B$21=1,1.1,1) | I31: 6 | J31: =H31*I31 | K31: KAPSAM DIŞI (0) | L31: TAHMİN | M31: İdare soru 1: kapsam dışı
B32: 3001.A | C32: Karayolu sinyal kablo borusu HDPE Ø63 | D32: m | E32: 1210 | F32: 0 | G32: fire %10 | H32: =F32/IF(Varsayimlar!$B$21=1,1.1,1) | I32: 4 | J32: =H32*I32 | K32: KAPSAM DIŞI (0) | L32: TAHMİN | M32: İdare soru 1: kapsam dışı
B33: 3001.A | C33: Lup besleme kablosu 2x2x1,0 ekranlı | D33: m | E33: 5468 | F33: =5468*Varsayimlar!$B$8 | G33: fire %10 | H33: =F33/IF(Varsayimlar!$B$21=1,1.1,1) | I33: 4 | J33: =H33*I33 | K33: MÜHENDİSLİK TAHMİNİ | L33: TAHMİN | M33: Hat boyu 6,44/6,56
B34: 3001.A | C34: Lup kablosu (hat yatağı içi iletken + koruma kanalı) | D34: adet | E34: 41 | F34: 41 | G34: - | H34: =F34 | I34: 400 | J34: =H34*I34 | K34: MÜHENDİSLİK TAHMİNİ | L34: TAHMİN
B35: 3001.A | C35: Ray devresi / dedektör kablosu 2x2x1,0 | D35: m | E35: 2673 | F35: =2673*Varsayimlar!$B$8 | G35: fire %10 | H35: =F35/IF(Varsayimlar!$B$21=1,1.1,1) | I35: 4 | J35: =H35*I35 | K35: MÜHENDİSLİK TAHMİNİ | L35: TAHMİN | M35: Hat boyu oranı
B36: 3001.A | C36: Makas motoru güç+kumanda kablosu 12x2,5 | D36: m | E36: 541 | F36: =ROUND(541*16/12,0) | G36: fire %10 | H36: =F36/IF(Varsayimlar!$B$21=1,1.1,1) | I36: 9 | J36: =H36*I36 | K36: MÜHENDİSLİK TAHMİNİ | L36: TAHMİN | M36: +4 motor oranında
B37: 3001.A | C37: Sinyal lambası kablosu 12x1,5 | D37: m | E37: 1348 | F37: =1348*Varsayimlar!$B$8 | G37: fire %10 | H37: =F37/IF(Varsayimlar!$B$21=1,1.1,1) | I37: 7 | J37: =H37*I37 | K37: MÜHENDİSLİK TAHMİNİ | L37: TAHMİN
B38: 3001.A | C38: Lokal kumanda anahtarı kablosu 7x1,5 | D38: m | E38: 1348 | F38: =1348*Varsayimlar!$B$8 | G38: fire %10 | H38: =F38/IF(Varsayimlar!$B$21=1,1.1,1) | I38: 4.5 | J38: =H38*I38 | K38: MÜHENDİSLİK TAHMİNİ | L38: TAHMİN
B39: 3001.A | C39: TSP/SKP–TSKP arayüz kablosu 19x1,5 | D39: m | E39: 198 | F39: 198 | G39: fire %10 | H39: =F39/IF(Varsayimlar!$B$21=1,1.1,1) | I39: 10 | J39: =H39*I39 | K39: MÜHENDİSLİK TAHMİNİ | L39: TAHMİN | M39: İdare: irtibat kablolaması kapsamda
B40: 3001.A | C40: Manuel makas konum kontağı kablosu 7x1,5 | D40: m | E40: 117 | F40: 0 | G40: fire %10 | H40: =F40/IF(Varsayimlar!$B$21=1,1.1,1) | I40: 4.5 | J40: =H40*I40 | K40: KAPSAM DIŞI (0) | L40: TAHMİN | M40: Manuel makas yok
B41: 3001.A | C41: Yaya geçidi flaş lamba kablosu 3x1,5 | D41: m | E41: 264 | F41: 264 | G41: fire %10 | H41: =F41/IF(Varsayimlar!$B$21=1,1.1,1) | I41: 2.5 | J41: =H41*I41 | K41: MÜHENDİSLİK TAHMİNİ | L41: TAHMİN
B42: 3001.A | C42: Kabin besleme kablosu NYY 3x6 (TM UPS panosundan) | D42: m | E42: 5905 | F42: =5905*Varsayimlar!$B$8 | G42: fire %10 | H42: =F42/IF(Varsayimlar!$B$21=1,1.1,1) | I42: 4.5 | J42: =H42*I42 | K42: MÜHENDİSLİK TAHMİNİ | L42: TAHMİN
B43: 3001.A | C43: Kablo koruma borusu HDPE Ø50 | D43: m | E43: 2327 | F43: =2327*Varsayimlar!$B$8 | G43: fire %10 | H43: =F43/IF(Varsayimlar!$B$21=1,1.1,1) | I43: 3 | J43: =H43*I43 | K43: MÜHENDİSLİK TAHMİNİ | L43: TAHMİN
B44: 3001.A | C44: Kablo koruma borusu HDPE Ø110 (hat/yol altı) | D44: m | E44: 605 | F44: 605 | G44: fire %10 | H44: =F44/IF(Varsayimlar!$B$21=1,1.1,1) | I44: 7 | J44: =H44*I44 | K44: MÜHENDİSLİK TAHMİNİ | L44: TAHMİN
B45: 3001.A | C45: Kabin ve sinyal direği temelleri | D45: adet | E45: 100 | F45: 100 | G45: - | H45: =F45 | I45: 350 | J45: =H45*I45 | K45: MÜHENDİSLİK TAHMİNİ | L45: TAHMİN
B46: 3001.A | C46: Test, devreye alma, entegre test, 15 gün test işletmesi – hat boyu | D46: set | E46: 1 | F46: 1 | G46: - | H46: =F46 | I46: 40669 | J46: =H46*I46 | K46: GEÇMİŞ TEKLİF UYARLAMA | L46: REF (5 ref)
A47: 230 | B47: 3001.B | C47: Depo Sahası ve Tesisleri Sinyalizasyon Sistemi | H47: RFQ tutarı → | I47: =SUMPRODUCT(E48:E65,I48:I65) | J47: =SUM(J48:J65)
B48: 3001.B | C48: Elektrikli makas motoru – depo (IP67, el kranklı, uç konum dedektörlü) | D48: takım | E48: 20 | F48: 40 | G48: - | H48: =F48 | I48: 12000 | J48: =H48*I48 | K48: GEÇMİŞ TEKLİF UYARLAMA | L48: REF (H&K HWE 14.713, CONTEC 15.090) | M48: İdare soru 4: depo makaslarının tamamı motorlu (+20)
B49: 3001.B | C49: Makas motoru tahrik/dedeksiyon çubuk seti + dil kilidi – depo | D49: takım | E49: 20 | F49: 40 | G49: - | H49: =F49 | I49: 2969 | J49: =H49*I49 | K49: GEÇMİŞ TEKLİF UYARLAMA | L49: REF | M49: Motor adedine bağlı
B50: 3001.B | C50: Manuel makas hareket mekanizması – depo | D50: takım | E50: 20 | F50: 0 | G50: - | H50: =F50 | I50: 5541 | J50: =H50*I50 | K50: KAPSAM DIŞI (0) | L50: REF (2 ref) | M50: İdare soru 4: manuel yok
B51: 3001.B | C51: Depo sinyalizasyon kontrol ünitesi SKP (SIL2) + IO | D51: adet | E51: 2 | F51: 2 | G51: - | H51: =F51 | I51: 80000 | J51: =H51*I51 | K51: MÜHENDİSLİK TAHMİNİ | L51: TAHMİN (CONTEC TCS300 16 makas: 115.167 sistem) | M51: 40 motor için I/O kapasitesi artırıldı
B52: 3001.B | C52: Depo manuel güzergah talep paneli MSP | D52: adet | E52: 4 | F52: 4 | G52: - | H52: =F52 | I52: 1604 | J52: =H52*I52 | K52: GEÇMİŞ TEKLİF UYARLAMA | L52: REF (2 ref)
B53: 3001.B | C53: Depo sinyal lambası (makas pozisyon/kilit) + direği | D53: takım | E53: 20 | F53: 40 | G53: - | H53: =F53 | I53: 1500 | J53: =H53*I53 | K53: MÜHENDİSLİK TAHMİNİ | L53: TAHMİN (CONTEC PPI 874 + direk) | M53: Her motorlu makasa 1
B54: 3001.B | C54: Ray devresi / kütle dedektörü – depo | D54: adet | E54: 24 | F54: 40 | G54: - | H54: =F54 | I54: 3085 | J54: =H54*I54 | K54: GEÇMİŞ TEKLİF UYARLAMA | L54: REF (CONTEC) | M54: Her motorlu makas için kilitleme algılaması
B55: 3001.B | C55: Makas motoru güç+kumanda kablosu 12x2,5 – depo | D55: m | E55: 552 | F55: 1104 | G55: fire %10 | H55: =F55/IF(Varsayimlar!$B$21=1,1.1,1) | I55: 9 | J55: =H55*I55 | K55: MÜHENDİSLİK TAHMİNİ | L55: TAHMİN | M55: Motor sayısı ×2
B56: 3001.B | C56: Manuel makas konum kontağı kablosu 7x1,5 – depo | D56: m | E56: 959 | F56: 0 | G56: fire %10 | H56: =F56/IF(Varsayimlar!$B$21=1,1.1,1) | I56: 4.5 | J56: =H56*I56 | K56: KAPSAM DIŞI (0) | L56: TAHMİN | M56: Manuel makas yok
B57: 3001.B | C57: Depo sinyal lambası kablosu 12x1,5 | D57: m | E57: 992 | F57: 1984 | G57: fire %10 | H57: =F57/IF(Varsayimlar!$B$21=1,1.1,1) | I57: 7 | J57: =H57*I57 | K57: MÜHENDİSLİK TAHMİNİ | L57: TAHMİN | M57: Lamba sayısı ×2
B58: 3001.B | C58: Ray devresi / dedektör kablosu 2x2x1,0 – depo | D58: m | E58: 816 | F58: 1360 | G58: fire %10 | H58: =F58/IF(Varsayimlar!$B$21=1,1.1,1) | I58: 4 | J58: =H58*I58 | K58: MÜHENDİSLİK TAHMİNİ | L58: TAHMİN | M58: Dedektör 24→40
B59: 3001.B | C59: MSP panel kablosu 24x1,5 | D59: m | E59: 176 | F59: 176 | G59: fire %10 | H59: =F59/IF(Varsayimlar!$B$21=1,1.1,1) | I59: 12 | J59: =H59*I59 | K59: MÜHENDİSLİK TAHMİNİ | L59: TAHMİN
B60: 3001.B | C60: SKP besleme kablosu NYY 3x6 | D60: m | E60: 563 | F60: 563 | G60: fire %10 | H60: =F60/IF(Varsayimlar!$B$21=1,1.1,1) | I60: 4.5 | J60: =H60*I60 | K60: MÜHENDİSLİK TAHMİNİ | L60: TAHMİN
B61: 3001.B | C61: SKP–TCC veri bağlantısı 6 core MM FO | D61: m | E61: 662 | F61: 662 | G61: fire %10 | H61: =F61/IF(Varsayimlar!$B$21=1,1.1,1) | I61: 3.5 | J61: =H61*I61 | K61: MÜHENDİSLİK TAHMİNİ | L61: TAHMİN
B62: 3001.B | C62: Kablo koruma borusu HDPE Ø110 – depo ana güzergah | D62: m | E62: 880 | F62: 880 | G62: fire %10 | H62: =F62/IF(Varsayimlar!$B$21=1,1.1,1) | I62: 7 | J62: =H62*I62 | K62: MÜHENDİSLİK TAHMİNİ | L62: TAHMİN
B63: 3001.B | C63: Kablo koruma borusu HDPE Ø50 – depo | D63: m | E63: 1452 | F63: 2200 | G63: fire %10 | H63: =F63/IF(Varsayimlar!$B$21=1,1.1,1) | I63: 3 | J63: =H63*I63 | K63: MÜHENDİSLİK TAHMİNİ | L63: TAHMİN | M63: Cihaz sayısı artışı
B64: 3001.B | C64: Kabin / sinyal direği / MSP temelleri | D64: adet | E64: 27 | F64: 47 | G64: - | H64: =F64 | I64: 350 | J64: =H64*I64 | K64: MÜHENDİSLİK TAHMİNİ | L64: TAHMİN | M64: +20 lamba direği
B65: 3001.B | C65: Depo güzergah/kilitleme yazılımı (15+ güzergah), test ve devreye alma | D65: set | E65: 1 | F65: 1 | G65: - | H65: =F65 | I65: 70169 | J65: =H65*I65 | K65: GEÇMİŞ TEKLİF UYARLAMA | L65: REF (Elektroline EYAS)
A66: 231 | B66: 3001.C | C66: Araç Üstü Sinyalizasyon Sistemi | H66: RFQ tutarı → | I66: =SUMPRODUCT(E67:E73,I67:I73) | J66: =SUM(J67:J73)
B67: 3001.C | C67: Araç sinyalizasyon işletim paneli – her kabine 1 | D67: adet | E67: 30 | F67: =2*Varsayimlar!$B$10 | G67: - | H67: =F67 | I67: 1500 | J67: =H67*I67 | K67: MÜHENDİSLİK TAHMİNİ | L67: TAHMİN | M67: İdare soru 2: 14 araç
B68: 3001.C | C68: Araç alıcı-verici (transponder) + alt şasi anteni – her uca 1 | D68: adet | E68: 30 | F68: =2*Varsayimlar!$B$10 | G68: - | H68: =F68 | I68: 2500 | J68: =H68*I68 | K68: MÜHENDİSLİK TAHMİNİ | L68: TAHMİN (H&K HCS-V 5.047/kabin) | M68: 14 araç
B69: 3001.C | C69: Araç üstü sinyalizasyon kontrol/kodlayıcı birimi (EN 50155) | D69: adet | E69: 15 | F69: =Varsayimlar!$B$10 | G69: - | H69: =F69 | I69: 6000 | J69: =H69*I69 | K69: MÜHENDİSLİK TAHMİNİ | L69: TAHMİN | M69: 14 araç
B70: 3001.C | C70: Anten kabloları, araç içi kablaj ve montaj aparatları | D70: set | E70: 15 | F70: =Varsayimlar!$B$10 | G70: - | H70: =F70 | I70: 1500 | J70: =H70*I70 | K70: MÜHENDİSLİK TAHMİNİ | L70: TAHMİN | M70: 14 araç
B71: 3001.C | C71: Araç arayüzü (hız/odometri, kabin aktif, kapı, TCMS/AVLS) | D71: set | E71: 15 | F71: =Varsayimlar!$B$10 | G71: - | H71: =F71 | I71: 2000 | J71: =H71*I71 | K71: MÜHENDİSLİK TAHMİNİ | L71: TAHMİN | M71: 14 araç
B72: 3001.C | C72: Araç tipi entegrasyon mühendisliği + ilk araç tip testi | D72: set | E72: 1 | F72: 1 | G72: - | H72: =F72 | I72: 30000 | J72: =H72*I72 | K72: MÜHENDİSLİK TAHMİNİ | L72: TAHMİN | M72: Araç ayrı ihale; arayüz yüklenicide
B73: 3001.C | C73: Araç başına montaj + statik/dinamik test | D73: adet | E73: 15 | F73: =Varsayimlar!$B$10 | G73: - | H73: =F73 | I73: 2411 | J73: =H73*I73 | K73: GEÇMİŞ TEKLİF UYARLAMA | L73: REF (H&K Konya) | M73: 14 araç
A74: 232 | B74: 3001.D | C74: Sinyalizasyon Merkez Donanımı & Sistem Yazılımları | H74: RFQ tutarı → | I74: =SUMPRODUCT(E75:E87,I75:I87) | J74: =SUM(J75:J87)
B75: 3001.D | C75: Sinyalizasyon ana işlemcisi (sunucu) – sıcak yedekli | D75: adet | E75: 2 | F75: 2 | G75: - | H75: =F75 | I75: 11925 | J75: =H75*I75 | K75: GEÇMİŞ TEKLİF UYARLAMA | L75: REF (3 ref)
B76: 3001.D | C76: Sunucu konsolu KVM + 21" LCD | D76: takım | E76: 1 | F76: 1 | G76: - | H76: =F76 | I76: 2500 | J76: =H76*I76 | K76: MÜHENDİSLİK TAHMİNİ | L76: TAHMİN
B77: 3001.D | C77: 19" sinyalizasyon cihaz dolabı + PDU | D77: adet | E77: 1 | F77: 1 | G77: - | H77: =F77 | I77: 4000 | J77: =H77*I77 | K77: MÜHENDİSLİK TAHMİNİ | L77: TAHMİN
B78: 3001.D | C78: Ana hat sinyalizasyon operatör iş istasyonu (2 monitör) | D78: takım | E78: 2 | F78: 2 | G78: - | H78: =F78 | I78: 6000 | J78: =H78*I78 | K78: MÜHENDİSLİK TAHMİNİ | L78: TAHMİN
B79: 3001.D | C79: Depo sinyalizasyon operatör iş istasyonu | D79: takım | E79: 1 | F79: 1 | G79: - | H79: =F79 | I79: 5000 | J79: =H79*I79 | K79: MÜHENDİSLİK TAHMİNİ | L79: TAHMİN
B80: 3001.D | C80: Sinyalizasyon LAN anahtarı (yedekli) + patch + çevirici | D80: takım | E80: 2 | F80: 2 | G80: - | H80: =F80 | I80: 4000 | J80: =H80*I80 | K80: MÜHENDİSLİK TAHMİNİ | L80: TAHMİN
B81: 3001.D | C81: Sinyalizasyon özel yazılımı + lisanslar (ana uygulama, sinoptik, protokoller) | D81: set | E81: 1 | F81: 1 | G81: - | H81: =F81 | I81: 150000 | J81: =H81*I81 | K81: MÜHENDİSLİK TAHMİNİ | L81: TAHMİN | M81: Tramvay referansı yok (metro CBTC ref. 2,7–12 M€ kullanılmadı)
B82: 3001.D | C82: Araç ve sinyalizasyon simülatör yazılımı + PC | D82: set | E82: 1 | F82: 1 | G82: - | H82: =F82 | I82: 40000 | J82: =H82*I82 | K82: MÜHENDİSLİK TAHMİNİ | L82: TAHMİN
B83: 3001.D | C83: Arayüzler: AVLS, SCADA, NTP, YBS | D83: set | E83: 1 | F83: 1 | G83: - | H83: =F83 | I83: 40000 | J83: =H83*I83 | K83: MÜHENDİSLİK TAHMİNİ | L83: TAHMİN
B84: 3001.D | C84: Sistem mühendisliği hizmetleri | D84: ay | E84: 12 | F84: 12 | G84: - | H84: =F84 | I84: 9000 | J84: =H84*I84 | K84: MÜHENDİSLİK TAHMİNİ | L84: TAHMİN
B85: 3001.D | C85: Eğitim (10 kursiyer, 2 hafta) + dokümanlar | D85: set | E85: 1 | F85: 1 | G85: - | H85: =F85 | I85: 15000 | J85: =H85*I85 | K85: MÜHENDİSLİK TAHMİNİ | L85: TAHMİN (ref. 8.254–8.569/hafta)
B86: 3001.D | C86: Bakım/arıza bulma yazılımı + dizüstü teşhis bilgisayarı | D86: set | E86: 1 | F86: 1 | G86: - | H86: =F86 | I86: 8000 | J86: =H86*I86 | K86: MÜHENDİSLİK TAHMİNİ | L86: TAHMİN
B87: 3001.D | C87: Mevcut depo kontrol merkezi entegrasyonu – uyarlama ve lisans | D87: set | E87: 1 | F87: 0 | G87: - | H87: =F87 | I87: 60000 | J87: =H87*I87 | K87: KAPSAM DIŞI (0) | L87: TAHMİN | M87: İdare soru 17: mevcut sistem yok
A88: 233 | B88: 3002 | C88: Araç Takip Sistemi (AVLS) – araç üstü ve saha | H88: RFQ tutarı → | I88: =SUMPRODUCT(E89:E89,I89:I89) | J88: =SUM(J89:J89)
B89: 3002 | C89: AVLS araç üstü + saha (araç bilgisayarı, anten, 2 sürücü HMI, araç arayüzü, SIM, depo AP, lup aktarımı, kurulum/test) – araç başı | D89: araç | E89: 15 | F89: =Varsayimlar!$B$10 | G89: - | H89: =F89 | I89: 21300 | J89: =H89*I89 | K89: 2026 TEKLİF | L89: TEKLİF (Mukan Rail, bütçesel 06.10.2026: 15 × 21.300) | M89: İdare soru 2: 14 araç
A90: 234 | B90: 3003 | C90: Tramvay Araç Takip Sistemi Merkezi Donanımı ve Yazılımı | H90: RFQ tutarı → | I90: =SUMPRODUCT(E91:E91,I91:I91) | J90: =SUM(J91:J91)
B91: 3003 | C91: AVLS merkez: yedekli sunucu, NAS, operatör PC, duvar monitörü, router/firewall, LAN, merkezi yazılım + lisans (172.500), belediye AVLS arayüzü, kurulum/test/eğitim | D91: set | E91: 1 | F91: 1 | G91: - | H91: =F91 | I91: 314500 | J91: =H91*I91 | K91: 2026 TEKLİF | L91: TEKLİF (Mukan Rail) | M91: Ref. H&K İzmir 136.568; 19" kabin/UPS/omurga hariç
A92: 235 | B92: 3004 | C92: Araç Takip Sistemi Tasarımı | H92: RFQ tutarı → | I92: =SUMPRODUCT(E93:E93,I93:I93) | J92: =SUM(J93:J93)
B93: 3004 | C93: AVLS tasarımı: mimari, konumlandırma, merkez ekranları, siber güvenlik, uygulama projeleri | D93: set | E93: 1 | F93: 1 | G93: - | H93: =F93 | I93: 154000 | J93: =H93*I93 | K93: 2026 TEKLİF | L93: TEKLİF (Mukan Rail)
C95: TOPLAM (net metraj, idare cevaplarına göre) | J95: =J5+J7+J47+J66+J74+J88+J90+J92
C96: Karşılaştırma: RFQ cetvel miktarlarıyla (şişirmeli, düzeltmesiz) tutar | J96: =I5+I7+I47+I66+I74+I88+I90+I92
C97: Fark (metraj payları + idare cevapları) | J97: =J95-J96
C99: FİYAT TÜRÜNE GÖRE DAĞILIM
C100: 2026 TEKLİF | J100: =SUMIF($K$5:$K$93,"2026 TEKLİF",$J$5:$J$93) | K100: =IF($J$95=0,0,J100/$J$95)
C101: GEÇMİŞ TEKLİF UYARLAMA | J101: =SUMIF($K$5:$K$93,"GEÇMİŞ TEKLİF UYARLAMA",$J$5:$J$93) | K101: =IF($J$95=0,0,J101/$J$95)
C102: MÜHENDİSLİK TAHMİNİ | J102: =SUMIF($K$5:$K$93,"MÜHENDİSLİK TAHMİNİ",$J$5:$J$93) | K102: =IF($J$95=0,0,J102/$J$95)

Sheet Cer_Guc
A1: 5 ELEKTRİFİKASYON (A) – GÜÇ TEMİNİ / CER GÜCÜ / ENERJİ TEMİNİ (5 TM, OG ring, TEİAŞ bağlantısı)
A2: EUR, KDV hariç, montaj+test+devreye alma dahil (taşeron fiyatı), Ekim 2026. Turuncu miktar: idare cevabıyla (05.10.2026) değişen kalem. Metraj payı: RFQ'daki bilinçli şişirmenin (%10 fire, dağıtık malzemede %30) bütçeden geri alınması. Fiyat türü renkleri: yeşil = 2026 firma teklifi; mavi = geçmiş tekliften uyarlama (ECB kuru + Euro Bölgesi HICP ile Ağu-2026'ya taşınmış, gerekirse montaj/boyut düzeltmeli); sarı = mühendislik tahmini (emsal yok); gri = idare cevabıyla kapsam dışı.
A4: Sıra | B4: Poz | C4: Kalem / Alt kalem | D4: Birim | E4: Miktar (RFQ cetveli) | F4: Miktar (idare cevabına göre) | G4: Metraj payı geri alınan | H4: Net miktar (bütçe) | I4: Birim fiyat EUR (montaj dahil) | J4: Tutar EUR | K4: Fiyat türü | L4: Fiyat kaynağı / emsal (proje, firma, yıl, uyarlama) | M4: Not / düzeltme
A5: 169 | B5: 2001 | C5: Güç Temini ve Cer Gücü Tasarımı | H5: RFQ tutarı → | I5: =SUMPRODUCT(E6:E7,I6:I7) | J5: =SUM(J6:J7)
B6: 2001 | C6: Uygulama projeleri (OG ring, TEİAŞ bağlantısı, 5 TM), cer gücü simülasyonu, kısa devre/selektivite, topraklama ve kaçak akım (EN 50122), kompanzasyon raporları, as-built | D6: set | E6: 1 | F6: 1 | G6: - | H6: =F6 | I6: 150000 | J6: =H6*I6 | K6: GEÇMİŞ TEKLİF UYARLAMA | L6: REF (metro: 133.738–620.171; tramvay ölçeğine indirildi)
B7: 2001 | C7: DEDAŞ/TEİAŞ bağlantı projesi onayı ve kurum masrafları | D7: set | E7: 1 | F7: 1 | G7: - | H7: =F7 | I7: 40000 | J7: =H7*I7 | K7: MÜHENDİSLİK TAHMİNİ | L7: TAHMİN
A8: 170 | B8: 2002.A | C8: OG Ring Şebekesi 3×1×240/25 mm² 20,3/35 kV Al XLPE | H8: RFQ tutarı → | I8: =SUMPRODUCT(E9:E15,I9:I15) | J8: =SUM(J9:J15)
B9: 2002.A | C9: YAXC7V-R (NA2XSY) 1×240/25 Al XLPE LSHF tek damar kablo – çekme dahil | D9: m | E9: 21000 | F9: =3*Varsayimlar!$B$12 | G9: - | H9: =F9 | I9: 11 | J9: =H9*I9 | K9: GEÇMİŞ TEKLİF UYARLAMA | L9: REF (Prysmian 1×400 15 €/m; Haluk 1×150 11 €/m) | M9: İdare soru 21: güzergah 7.964 m
B10: 2002.A | C10: 36 kV 1×240 kablo başlığı | D10: adet | E10: 24 | F10: 24 | G10: - | H10: =F10 | I10: 450 | J10: =H10*I10 | K10: MÜHENDİSLİK TAHMİNİ | L10: TAHMİN
B11: 2002.A | C11: 36 kV 1×240 ek mufu | D11: adet | E11: 33 | F11: =ROUND(33*Varsayimlar!$B$12/Varsayimlar!$B$11,0) | G11: - | H11: =F11 | I11: 400 | J11: =H11*I11 | K11: MÜHENDİSLİK TAHMİNİ | L11: TAHMİN | M11: Güzergah oranında
B12: 2002.A | C12: Trefoil kelepçe / kanal içi askı | D12: adet | E12: 6500 | F12: =ROUND(6500*Varsayimlar!$B$12/Varsayimlar!$B$11,0) | G12: - | H12: =F12 | I12: 6 | J12: =H12*I12 | K12: MÜHENDİSLİK TAHMİNİ | L12: TAHMİN | M12: Güzergah oranında
B13: 2002.A | C13: Yangın durdurucu (TM geçişleri) | D13: adet | E13: 10 | F13: 10 | G13: - | H13: =F13 | I13: 200 | J13: =H13*I13 | K13: MÜHENDİSLİK TAHMİNİ | L13: TAHMİN
B14: 2002.A | C14: Kablo etiket / güzergah markörü | D14: adet | E14: 140 | F14: =ROUND(140*Varsayimlar!$B$12/Varsayimlar!$B$11,0) | G14: - | H14: =F14 | I14: 15 | J14: =H14*I14 | K14: MÜHENDİSLİK TAHMİNİ | L14: TAHMİN
B15: 2002.A | C15: OG kablo saha testleri (VLF, kılıf) | D15: set | E15: 4 | F15: 4 | G15: - | H15: =F15 | I15: 3000 | J15: =H15*I15 | K15: MÜHENDİSLİK TAHMİNİ | L15: TAHMİN
A16: 171 | B16: 2002.B | C16: TEİAŞ Bağlantısı 2×4×(1×400+35) mm² 20,3/35 kV – transe dahil | H16: RFQ tutarı → | I16: =SUMPRODUCT(E17:E30,I17:I30) | J16: =SUM(J17:J30)
B17: 2002.B | C17: YAXC7V-R 1×400/35 Al XLPE zırhlı LSHF – çekme dahil | D17: m | E17: 35424 | F17: 35424 | G17: - | H17: =F17 | I17: 16 | J17: =H17*I17 | K17: GEÇMİŞ TEKLİF UYARLAMA | L17: REF (Prysmian 15 €/m malzeme) + çekme | M17: İdare: 8.856 m × 4 kablo – uyumlu
B18: 2002.B | C18: 36 kV 1×400 kablo başlığı | D18: adet | E18: 16 | F18: 16 | G18: - | H18: =F18 | I18: 600 | J18: =H18*I18 | K18: MÜHENDİSLİK TAHMİNİ | L18: TAHMİN
B19: 2002.B | C19: 36 kV 1×400 ek mufu | D19: adet | E19: 68 | F19: 68 | G19: - | H19: =F19 | I19: 550 | J19: =H19*I19 | K19: MÜHENDİSLİK TAHMİNİ | L19: TAHMİN
B20: 2002.B | C20: Kablo kanalı kazısı 0,80×1,40 m | D20: m³ | E20: 9919 | F20: 9919 | G20: - | H20: =F20 | I20: 8 | J20: =H20*I20 | K20: MÜHENDİSLİK TAHMİNİ | L20: TAHMİN
B21: 2002.B | C21: HDPE/koruge boru Ø160 (her damar ayrı) | D21: m | E21: 38966.4 | F21: 38966.4 | G21: - | H21: =F21 | I21: 6 | J21: =H21*I21 | K21: MÜHENDİSLİK TAHMİNİ | L21: TAHMİN
B22: 2002.B | C22: Yol geçişleri yedek boş boru Ø160 | D22: m | E22: 4383.72 | F22: 4383.72 | G22: - | H22: =F22 | I22: 6 | J22: =H22*I22 | K22: MÜHENDİSLİK TAHMİNİ | L22: TAHMİN
B23: 2002.B | C23: Dolgu kumu | D23: m³ | E23: 3542 | F23: 3542 | G23: - | H23: =F23 | I23: 18 | J23: =H23*I23 | K23: MÜHENDİSLİK TAHMİNİ | L23: TAHMİN
B24: 2002.B | C24: Harman tuğlası | D24: adet | E24: 44280 | F24: 44280 | G24: - | H24: =F24 | I24: 0.25 | J24: =H24*I24 | K24: MÜHENDİSLİK TAHMİNİ | L24: TAHMİN
B25: 2002.B | C25: Plastik ikaz bandı | D25: m | E25: 19483.2 | F25: 19483.2 | G25: - | H25: =F25 | I25: 0.3 | J25: =H25*I25 | K25: MÜHENDİSLİK TAHMİNİ | L25: TAHMİN
B26: 2002.B | C26: C14 koruma betonu | D26: m³ | E26: 709 | F26: 709 | G26: - | H26: =F26 | I26: 75 | J26: =H26*I26 | K26: MÜHENDİSLİK TAHMİNİ | L26: TAHMİN
B27: 2002.B | C27: Yol/kaldırım kaplamasının eski haline getirilmesi | D27: m² | E27: 6200 | F27: 6200 | G27: - | H27: =F27 | I27: 25 | J27: =H27*I27 | K27: MÜHENDİSLİK TAHMİNİ | L27: TAHMİN
B28: 2002.B | C28: Kazı fazlası nakli | D28: m³ | E28: 4430 | F28: 4430 | G28: - | H28: =F28 | I28: 6 | J28: =H28*I28 | K28: MÜHENDİSLİK TAHMİNİ | L28: TAHMİN
B29: 2002.B | C29: Güzergah işaret taşı | D29: adet | E29: 180 | F29: 180 | G29: - | H29: =F29 | I29: 30 | J29: =H29*I29 | K29: MÜHENDİSLİK TAHMİNİ | L29: TAHMİN
B30: 2002.B | C30: OG kablo saha testleri | D30: set | E30: 2 | F30: 2 | G30: - | H30: =F30 | I30: 4000 | J30: =H30*I30 | K30: MÜHENDİSLİK TAHMİNİ | L30: TAHMİN
A31: 172 | B31: 2003 | C31: Enerji Kalitesi ve Yönetimi Sistemi | H31: RFQ tutarı → | I31: =SUMPRODUCT(E32:E42,I32:I42) | J31: =SUM(J32:J42)
B32: 2003 | C32: AG tristörlü kompanzasyon kademesi 50 kVAr 690 V | D32: adet | E32: 12 | F32: 12 | G32: - | H32: =F32 | I32: 1500 | J32: =H32*I32 | K32: MÜHENDİSLİK TAHMİNİ | L32: TAHMİN
B33: 2003 | C33: AG tristörlü kompanzasyon kademesi 25 kVAr 690 V | D33: adet | E33: 8 | F33: 8 | G33: - | H33: =F33 | I33: 1000 | J33: =H33*I33 | K33: MÜHENDİSLİK TAHMİNİ | L33: TAHMİN
B34: 2003 | C34: Kompanzasyon panosu (röle, Modbus, fan) – her TM 1 | D34: adet | E34: 5 | F34: 5 | G34: - | H34: =F34 | I34: 6000 | J34: =H34*I34 | K34: MÜHENDİSLİK TAHMİNİ | L34: TAHMİN
B35: 2003 | C35: MCCB 3×250 A + besleme kablosu 3×70 | D35: set | E35: 1 | F35: 1 | G35: - | H35: =F35 | I35: 12300 | J35: =H35*I35 | K35: MÜHENDİSLİK TAHMİNİ | L35: TAHMİN | M35: 10 MCCB + 143 m kablo
B36: 2003 | C36: OG şönt reaktör sistemi (TM-4 çıkışı) | D36: set | E36: 1 | F36: 1 | G36: - | H36: =F36 | I36: 60000 | J36: =H36*I36 | K36: MÜHENDİSLİK TAHMİNİ | L36: TAHMİN
B37: 2003 | C37: 36 kV 630 A kesicili kompanzasyon fider hücresi | D37: adet | E37: 1 | F37: 1 | G37: - | H37: =F37 | I37: 28000 | J37: =H37*I37 | K37: GEÇMİŞ TEKLİF UYARLAMA | L37: REF (36 kV kesicili hücre)
B38: 2003 | C38: 34,5/0,4 kV 630 kVA kuru tip kompanzasyon trafosu | D38: adet | E38: 1 | F38: 1 | G38: - | H38: =F38 | I38: 18000 | J38: =H38*I38 | K38: GEÇMİŞ TEKLİF UYARLAMA | L38: REF (Aktif 630 kVA 22.231 Al)
B39: 2003 | C39: Enerji kalite kaydedicisi Class A | D39: adet | E39: 5 | F39: 5 | G39: - | H39: =F39 | I39: 4000 | J39: =H39*I39 | K39: MÜHENDİSLİK TAHMİNİ | L39: TAHMİN
B40: 2003 | C40: AG enerji analizörü + Modbus ağ geçidi | D40: set | E40: 1 | F40: 1 | G40: - | H40: =F40 | I40: 12400 | J40: =H40*I40 | K40: MÜHENDİSLİK TAHMİNİ | L40: TAHMİN | M40: 6 analizör + 11 gateway
B41: 2003 | C41: Enerji yönetim yazılımı (ISO 50001) + TCC operatör | D41: set | E41: 1 | F41: 1 | G41: - | H41: =F41 | I41: 25000 | J41: =H41*I41 | K41: MÜHENDİSLİK TAHMİNİ | L41: TAHMİN
B42: 2003 | C42: Haberleşme kabloları, harmonik ölçümleri, devreye alma, DEDAŞ raporu | D42: set | E42: 1 | F42: 1 | G42: - | H42: =F42 | I42: 11500 | J42: =H42*I42 | K42: MÜHENDİSLİK TAHMİNİ | L42: TAHMİN
A43: 173 | B43: 2004.A | C43: Ring Giriş/Çıkış 34,5 kV Şalt Panosu (12 hücre) | H43: RFQ tutarı → | I43: =SUMPRODUCT(E44:E44,I44:I44) | J43: =SUM(J44:J44)
B44: 2004.A | C44: 36 kV 1250 A 25 kA SF6 kesicili hücre + AT + sayısal röle + ölçü + kilitleme + FAT/SAT | D44: adet | E44: 12 | F44: 12 | G44: - | H44: =F44 | I44: 26000 | J44: =H44*I44 | K44: GEÇMİŞ TEKLİF UYARLAMA | L44: REF (Haluk LSC2B ring hücresi 30.518) + röle/test
A45: 174 | B45: 2004.B | C45: Cer Trafo Besleme 34,5 kV Şalt Panosu (5 hücre) | H45: RFQ tutarı → | I45: =SUMPRODUCT(E46:E48,I46:I48) | J45: =SUM(J46:J48)
B46: 2004.B | C46: 36 kV kesicili trafo koruma hücresi + röle + analizör + DC kilitleme | D46: adet | E46: 5 | F46: 5 | G46: - | H46: =F46 | I46: 24000 | J46: =H46*I46 | K46: GEÇMİŞ TEKLİF UYARLAMA | L46: REF (Haluk 26.130) + pay
B47: 2004.B | C47: OG bağlantı kablosu 3(1×95/16) Al – hücre/cer trafosu | D47: m | E47: 108 | F47: 108 | G47: - | H47: =F47 | I47: 25 | J47: =H47*I47 | K47: MÜHENDİSLİK TAHMİNİ | L47: TAHMİN
B48: 2004.B | C48: 36 kV 1×95 kablo başlığı (büzüşmeli + geçmeli) | D48: adet | E48: 30 | F48: 30 | G48: %30 | H48: =F48/IF(Varsayimlar!$B$21=1,1.3,1) | I48: 350 | J48: =H48*I48 | K48: MÜHENDİSLİK TAHMİNİ | L48: TAHMİN
A49: 175 | B49: 2004.C | C49: İç İhtiyaç Trafo Besleme 34,5 kV Şalt Panosu (6 hücre) | H49: RFQ tutarı → | I49: =SUMPRODUCT(E50:E52,I50:I52) | J49: =SUM(J50:J52)
B50: 2004.C | C50: 36 kV kesicili iç ihtiyaç trafo fider hücresi + röle | D50: adet | E50: 6 | F50: 6 | G50: - | H50: =F50 | I50: 23000 | J50: =H50*I50 | K50: GEÇMİŞ TEKLİF UYARLAMA | L50: REF (Haluk 26.130) + pay
B51: 2004.C | C51: OG bağlantı kablosu 3(1×95/16) Al | D51: m | E51: 129 | F51: 129 | G51: fire+%30 | H51: =F51/IF(Varsayimlar!$B$21=1,1.43,1) | I51: 25 | J51: =H51*I51 | K51: MÜHENDİSLİK TAHMİNİ | L51: TAHMİN
B52: 2004.C | C52: 36 kV 1×95 kablo başlığı | D52: adet | E52: 36 | F52: 36 | G52: %30 | H52: =F52/IF(Varsayimlar!$B$21=1,1.3,1) | I52: 350 | J52: =H52*I52 | K52: MÜHENDİSLİK TAHMİNİ | L52: TAHMİN
A53: 176 | B53: 2004.D | C53: Ölçü 34,5 kV Şalt Panosu | H53: RFQ tutarı → | I53: =SUMPRODUCT(E54:E56,I54:I56) | J53: =SUM(J54:J56)
B54: 2004.D | C54: 36 kV akım-gerilim ölçü hücresi (TEİAŞ girişli TM) | D54: adet | E54: 2 | F54: 2 | G54: - | H54: =F54 | I54: 19254 | J54: =H54*I54 | K54: GEÇMİŞ TEKLİF UYARLAMA | L54: REF (Haluk)
B55: 2004.D | C55: 36 kV bara gerilim ölçü (VT) hücresi | D55: adet | E55: 3 | F55: 3 | G55: - | H55: =F55 | I55: 13534 | J55: =H55*I55 | K55: GEÇMİŞ TEKLİF UYARLAMA | L55: REF (Haluk; Aktif 10.831–12.623)
B56: 2004.D | C56: Elektronik sayaç cl 0,2S + sayaç panosu/modem | D56: set | E56: 1 | F56: 1 | G56: - | H56: =F56 | I56: 9000 | J56: =H56*I56 | K56: MÜHENDİSLİK TAHMİNİ | L56: TAHMİN | M56: 4 sayaç + 2 pano
A57: 177 | B57: 2004.E | C57: TEİAŞ Giriş 34,5 kV Şalt Panosu (mevcut TM-4'te fider ilavesi) | H57: RFQ tutarı → | I57: =SUMPRODUCT(E58:E58,I58:I58) | J57: =SUM(J58:J58)
B58: 2004.E | C58: 36 kV kesicili fider hücresi ilavesi, bara uzatma, kurum izinleri | D58: set | E58: 2 | F58: 2 | G58: - | H58: =F58 | I58: 45000 | J58: =H58*I58 | K58: GEÇMİŞ TEKLİF UYARLAMA | L58: REF (Haluk 39.293, MET 29.821) + pay
A59: 178 | B59: 2005.A | C59: Hat TM İç İhtiyaç Trafosu 250 kVA (4 adet) | H59: RFQ tutarı → | I59: =SUMPRODUCT(E60:E60,I60:I60) | J59: =SUM(J60:J60)
B60: 2005.A | C60: 34,5/0,4 kV 250 kVA Dyn11 kuru tip trafo Cu/Cu, röle, kaide, test | D60: adet | E60: 4 | F60: 4 | G60: - | H60: =F60 | I60: 16000 | J60: =H60*I60 | K60: MÜHENDİSLİK TAHMİNİ | L60: TAHMİN (Al ref 4.625–7.264 yağlı/hermetik; kuru tip Cu) | M60: İdare: iç ihtiyaç trafoları Cu/Cu zorunlu
A61: 179 | B61: 2005.B | C61: Depo TM İç İhtiyaç Trafosu 2000 kVA (2 adet) | H61: RFQ tutarı → | I61: =SUMPRODUCT(E62:E62,I62:I62) | J61: =SUM(J62:J62)
B62: 2005.B | C62: 34,5/0,4 kV 2000 kVA Dyn11 kuru tip trafo Cu/Cu, fanlı, röle, test | D62: adet | E62: 2 | F62: 2 | G62: - | H62: =F62 | I62: 42000 | J62: =H62*I62 | K62: GEÇMİŞ TEKLİF UYARLAMA | L62: REF (2×2000 kVA set 92.552–104.613) + Cu | M62: İdare: Cu/Cu zorunlu
A63: 187 | B63: 2006.H | C63: Hat Trafo Binaları AG Ana Dağıtım Panoları (4 set) | H63: RFQ tutarı → | I63: =SUMPRODUCT(E64:E64,I64:I64) | J63: =SUM(J64:J64)
B64: 2006.H | C64: ADP/1 panosu (MCCB 320 A giriş, analizör, parafudr, istasyon/klima çıkışları) + UDP + montaj/test | D64: set | E64: 4 | F64: 4 | G64: - | H64: =F64 | I64: 24000 | J64: =H64*I64 | K64: MÜHENDİSLİK TAHMİNİ | L64: TAHMİN
A65: 188 | B65: 2007.A | C65: Hat TM Cer Merkezi – 1×2,75 MVA (4 adet) | H65: RFQ tutarı → | I65: =SUMPRODUCT(E66:E82,I66:I82) | J65: =SUM(J66:J82)
B66: 2007.A | C66: Cer trafosu 2750 kVA 34,5/0,6-0,6 kV Dy5-Dd0, dökme reçine, EN 50329 | D66: adet | E66: 4 | F66: 4 | G66: - | H66: =F66 | I66: 85000 | J66: =H66*I66 | K66: GEÇMİŞ TEKLİF UYARLAMA | L66: REF (3300 kVA: Aktif 97.981, ABB Al 93.263, ABB Cu/Cu 151.850) | M66: Best Transformer teklifi bekleniyor
B67: 2007.A | C67: Trafo sıcaklık rölesi + sekonder toprak kaçağı koruması + izole kaide | D67: takım | E67: 4 | F67: 4 | G67: - | H67: =F67 | I67: 3000 | J67: =H67*I67 | K67: MÜHENDİSLİK TAHMİNİ | L67: TAHMİN
B68: 2007.A | C68: Doğrultucu 12 darbeli 2500 kW 750 V DC, Class VI | D68: adet | E68: 4 | F68: 4 | G68: - | H68: =F68 | I68: 48000 | J68: =H68*I68 | K68: GEÇMİŞ TEKLİF UYARLAMA | L68: REF (ABB 37.927–49.610; Haluk 1,2 MW 35.975)
B69: 2007.A | C69: Trafo–doğrultucu AC kabloları 1×300 Cu 1,8/3 kV | D69: m | E69: 961 | F69: 961 | G69: - | H69: =F69 | I69: 45 | J69: =H69*I69 | K69: MÜHENDİSLİK TAHMİNİ | L69: TAHMİN
B70: 2007.A | C70: DC giriş (incoming) hücresi 6300 A | D70: adet | E70: 4 | F70: 4 | G70: - | H70: =F70 | I70: 36500 | J70: =H70*I70 | K70: GEÇMİŞ TEKLİF UYARLAMA | L70: REF (Aktif 36.216–36.824)
B71: 2007.A | C71: DC fider hücresi HSCB 3600 A | D71: adet | E71: 16 | F71: 16 | G71: - | H71: =F71 | I71: 36000 | J71: =H71*I71 | K71: GEÇMİŞ TEKLİF UYARLAMA | L71: REF (Haluk 44.641, MET 43.769, ABB 38.797, Aktif 37.456)
B72: 2007.A | C72: Negatif hücre (negatif bara, şönt, ayırıcı) | D72: adet | E72: 4 | F72: 4 | G72: - | H72: =F72 | I72: 25000 | J72: =H72*I72 | K72: GEÇMİŞ TEKLİF UYARLAMA | L72: REF (Aktif 18.852–27.906, ABB 33.751)
B73: 2007.A | C73: Ray–toprak gerilim sınırlayıcı VLD panosu | D73: adet | E73: 4 | F73: 4 | G73: - | H73: =F73 | I73: 20000 | J73: =H73*I73 | K73: GEÇMİŞ TEKLİF UYARLAMA | L73: REF (Haluk 13.818, Aktif 16.824–20.961)
B74: 2007.A | C74: Hat ayırıcı panosu (4 fider + 2 by-pass ayırıcı 4000 A) | D74: adet | E74: 4 | F74: 4 | G74: - | H74: =F74 | I74: 45000 | J74: =H74*I74 | K74: MÜHENDİSLİK TAHMİNİ | L74: TAHMİN (Aktif ayırıcı hücresi 36.123)
B75: 2007.A | C75: DC fider kabloları 1×300 Cu 1,8/3 kV | D75: m | E75: 687 | F75: 687 | G75: fire+%30 | H75: =F75/IF(Varsayimlar!$B$21=1,1.43,1) | I75: 45 | J75: =H75*I75 | K75: MÜHENDİSLİK TAHMİNİ | L75: TAHMİN (ref. DC kablo 27–44 €/m)
B76: 2007.A | C76: Doğrultucu–DC şalt/negatif bağlantısı | D76: m | E76: 618 | F76: 618 | G76: fire %10 | H76: =F76/IF(Varsayimlar!$B$21=1,1.1,1) | I76: 45 | J76: =H76*I76 | K76: MÜHENDİSLİK TAHMİNİ | L76: TAHMİN
B77: 2007.A | C77: VLD bağlantı kabloları 1×300 + 1×50 | D77: m | E77: 143 | F77: 143 | G77: fire+%30 | H77: =F77/IF(Varsayimlar!$B$21=1,1.43,1) | I77: 40 | J77: =H77*I77 | K77: MÜHENDİSLİK TAHMİNİ | L77: TAHMİN
B78: 2007.A | C78: DC kablo pabuçları/başlıkları 300 mm² | D78: adet | E78: 479 | F78: 479 | G78: %30 | H78: =F78/IF(Varsayimlar!$B$21=1,1.3,1) | I78: 25 | J78: =H78*I78 | K78: MÜHENDİSLİK TAHMİNİ | L78: TAHMİN
B79: 2007.A | C79: DC şalt izole kaide + çerçeve kaçak koruması (64) | D79: takım | E79: 4 | F79: 4 | G79: - | H79: =F79 | I79: 6000 | J79: =H79*I79 | K79: MÜHENDİSLİK TAHMİNİ | L79: TAHMİN
B80: 2007.A | C80: OG–DC kilitleme (anahtar transfer) düzenekleri | D80: takım | E80: 4 | F80: 4 | G80: %30 | H80: =F80/IF(Varsayimlar!$B$21=1,1.3,1) | I80: 4000 | J80: =H80*I80 | K80: MÜHENDİSLİK TAHMİNİ | L80: TAHMİN
B81: 2007.A | C81: Kontrol-koruma, SCADA I/O, 110 V DC kontrol kabloları | D81: set | E81: 4 | F81: 4 | G81: - | H81: =F81 | I81: 12000 | J81: =H81*I81 | K81: MÜHENDİSLİK TAHMİNİ | L81: TAHMİN
B82: 2007.A | C82: FAT ve saha testleri, devreye alma, kısa devre testi | D82: set | E82: 4 | F82: 4 | G82: - | H82: =F82 | I82: 25000 | J82: =H82*I82 | K82: MÜHENDİSLİK TAHMİNİ | L82: TAHMİN
A83: 189 | B83: 2007.B | C83: Depo TM Cer Merkezi – 1×2,75 MVA (1 adet) | H83: RFQ tutarı → | I83: =SUMPRODUCT(E84:E100,I84:I100) | J83: =SUM(J84:J100)
B84: 2007.B | C84: Cer trafosu 2750 kVA 34,5/0,6-0,6 kV Dy5-Dd0, dökme reçine, EN 50329 | D84: adet | E84: 1 | F84: 1 | G84: - | H84: =F84 | I84: 85000 | J84: =H84*I84 | K84: GEÇMİŞ TEKLİF UYARLAMA | L84: REF (3300 kVA: Aktif 97.981, ABB Al 93.263, ABB Cu/Cu 151.850) | M84: Best Transformer teklifi bekleniyor
B85: 2007.B | C85: Trafo sıcaklık rölesi + sekonder toprak kaçağı koruması + izole kaide | D85: takım | E85: 1 | F85: 1 | G85: - | H85: =F85 | I85: 3000 | J85: =H85*I85 | K85: MÜHENDİSLİK TAHMİNİ | L85: TAHMİN
B86: 2007.B | C86: Doğrultucu 12 darbeli 2500 kW 750 V DC, Class VI | D86: adet | E86: 1 | F86: 1 | G86: - | H86: =F86 | I86: 48000 | J86: =H86*I86 | K86: GEÇMİŞ TEKLİF UYARLAMA | L86: REF (ABB 37.927–49.610; Haluk 1,2 MW 35.975)
B87: 2007.B | C87: Trafo–doğrultucu AC kabloları 1×300 Cu 1,8/3 kV | D87: m | E87: 241 | F87: 241 | G87: - | H87: =F87 | I87: 45 | J87: =H87*I87 | K87: MÜHENDİSLİK TAHMİNİ | L87: TAHMİN
B88: 2007.B | C88: DC giriş (incoming) hücresi 6300 A | D88: adet | E88: 1 | F88: 1 | G88: - | H88: =F88 | I88: 36500 | J88: =H88*I88 | K88: GEÇMİŞ TEKLİF UYARLAMA | L88: REF (Aktif 36.216–36.824)
B89: 2007.B | C89: DC fider hücresi HSCB 3600 A | D89: adet | E89: 4 | F89: 4 | G89: - | H89: =F89 | I89: 36000 | J89: =H89*I89 | K89: GEÇMİŞ TEKLİF UYARLAMA | L89: REF (Haluk 44.641, MET 43.769, ABB 38.797, Aktif 37.456)
B90: 2007.B | C90: Negatif hücre (negatif bara, şönt, ayırıcı) | D90: adet | E90: 1 | F90: 1 | G90: - | H90: =F90 | I90: 25000 | J90: =H90*I90 | K90: GEÇMİŞ TEKLİF UYARLAMA | L90: REF (Aktif 18.852–27.906, ABB 33.751)
B91: 2007.B | C91: Ray–toprak gerilim sınırlayıcı VLD panosu | D91: adet | E91: 1 | F91: 1 | G91: - | H91: =F91 | I91: 20000 | J91: =H91*I91 | K91: GEÇMİŞ TEKLİF UYARLAMA | L91: REF (Haluk 13.818, Aktif 16.824–20.961)
B92: 2007.B | C92: Hat ayırıcı panosu (4 fider + 2 by-pass ayırıcı 4000 A) | D92: adet | E92: 1 | F92: 1 | G92: - | H92: =F92 | I92: 45000 | J92: =H92*I92 | K92: MÜHENDİSLİK TAHMİNİ | L92: TAHMİN (Aktif ayırıcı hücresi 36.123)
B93: 2007.B | C93: DC fider kabloları 1×300 Cu 1,8/3 kV | D93: m | E93: 172 | F93: 172 | G93: fire+%30 | H93: =F93/IF(Varsayimlar!$B$21=1,1.43,1) | I93: 45 | J93: =H93*I93 | K93: MÜHENDİSLİK TAHMİNİ | L93: TAHMİN (ref. DC kablo 27–44 €/m)
B94: 2007.B | C94: Doğrultucu–DC şalt/negatif bağlantısı | D94: m | E94: 155 | F94: 155 | G94: fire %10 | H94: =F94/IF(Varsayimlar!$B$21=1,1.1,1) | I94: 45 | J94: =H94*I94 | K94: MÜHENDİSLİK TAHMİNİ | L94: TAHMİN
B95: 2007.B | C95: VLD bağlantı kabloları 1×300 + 1×50 | D95: m | E95: 36 | F95: 36 | G95: fire+%30 | H95: =F95/IF(Varsayimlar!$B$21=1,1.43,1) | I95: 40 | J95: =H95*I95 | K95: MÜHENDİSLİK TAHMİNİ | L95: TAHMİN
B96: 2007.B | C96: DC kablo pabuçları/başlıkları 300 mm² | D96: adet | E96: 120 | F96: 120 | G96: %30 | H96: =F96/IF(Varsayimlar!$B$21=1,1.3,1) | I96: 25 | J96: =H96*I96 | K96: MÜHENDİSLİK TAHMİNİ | L96: TAHMİN
B97: 2007.B | C97: DC şalt izole kaide + çerçeve kaçak koruması (64) | D97: takım | E97: 1 | F97: 1 | G97: - | H97: =F97 | I97: 6000 | J97: =H97*I97 | K97: MÜHENDİSLİK TAHMİNİ | L97: TAHMİN
B98: 2007.B | C98: OG–DC kilitleme (anahtar transfer) düzenekleri | D98: takım | E98: 1 | F98: 1 | G98: %30 | H98: =F98/IF(Varsayimlar!$B$21=1,1.3,1) | I98: 4000 | J98: =H98*I98 | K98: MÜHENDİSLİK TAHMİNİ | L98: TAHMİN
B99: 2007.B | C99: Kontrol-koruma, SCADA I/O, 110 V DC kontrol kabloları | D99: set | E99: 1 | F99: 1 | G99: - | H99: =F99 | I99: 12000 | J99: =H99*I99 | K99: MÜHENDİSLİK TAHMİNİ | L99: TAHMİN
B100: 2007.B | C100: FAT ve saha testleri, devreye alma, kısa devre testi | D100: set | E100: 1 | F100: 1 | G100: - | H100: =F100 | I100: 25000 | J100: =H100*I100 | K100: MÜHENDİSLİK TAHMİNİ | L100: TAHMİN
A101: 197 | B101: 2008.H | C101: Hat Trafo Binaları Topraklama Tesisatı (4 set) | H101: RFQ tutarı → | I101: =SUMPRODUCT(E102:E106,I102:I106) | J101: =SUM(J102:J106)
...

Sheet Katener
A1: 5 ELEKTRİFİKASYON (B) – KATENER – Sıra 220–226
A2: EUR, KDV hariç, montaj+test+devreye alma dahil (taşeron fiyatı), Ekim 2026. Turuncu miktar: idare cevabıyla (05.10.2026) değişen kalem. Metraj payı: RFQ'daki bilinçli şişirmenin (%10 fire, dağıtık malzemede %30) bütçeden geri alınması. Fiyat türü renkleri: yeşil = 2026 firma teklifi; mavi = geçmiş tekliften uyarlama (ECB kuru + Euro Bölgesi HICP ile Ağu-2026'ya taşınmış, gerekirse montaj/boyut düzeltmeli); sarı = mühendislik tahmini (emsal yok); gri = idare cevabıyla kapsam dışı.
A4: Sıra | B4: Poz | C4: Kalem / Alt kalem | D4: Birim | E4: Miktar (RFQ cetveli) | F4: Miktar (idare cevabına göre) | G4: Metraj payı geri alınan | H4: Net miktar (bütçe) | I4: Birim fiyat EUR (montaj dahil) | J4: Tutar EUR | K4: Fiyat türü | L4: Fiyat kaynağı / emsal (proje, firma, yıl, uyarlama) | M4: Not / düzeltme
A5: 220 | B5: 2012.A | C5: Hat Boyu ve Depo Bağlantı Hatları Katener Sistemi | H5: RFQ tutarı → | I5: =SUMPRODUCT(E6:E41,I6:I41) | J5: =SUM(J6:J41)
B6: 2012.A | C6: Kontak teli 120 mm² Cu ETP (EN 50149, Ø13,2) – çekme dahil | D6: m | E6: 18748.5 | F6: =18748.5*Varsayimlar!$B$8 | G6: fire %10 | H6: =F6/IF(Varsayimlar!$B$21=1,1.1,1) | I6: 18 | J6: =H6*I6 | K6: GEÇMİŞ TEKLİF UYARLAMA | L6: REF BF 16 €/m (31 ref) + montaj | M6: Hat boyu 6,44/6,56 (Erbakır teklifi bekleniyor)
B7: 2012.A | C7: Destek iletkeni 2×120 mm² Cu (iletken metresi) | D7: m | E7: 37497 | F7: =37497*Varsayimlar!$B$8 | G7: fire %10 | H7: =F7/IF(Varsayimlar!$B$21=1,1.1,1) | I7: 16 | J7: =H7*I7 | K7: GEÇMİŞ TEKLİF UYARLAMA | L7: REF medyan 14 €/m + montaj | M7: Hat boyu oranı
B8: 2012.A | C8: Konsol hoban komplesi (çift yalıtımlı) – hat | D8: adet | E8: 358 | F8: 358 | G8: - | H8: =F8 | I8: 1116 | J8: =H8*I8 | K8: GEÇMİŞ TEKLİF UYARLAMA | L8: REF medyan (22 ref)
B9: 2012.A | C9: Konsol hoban komplesi – depo bağlantı hattı | D9: adet | E9: 40 | F9: 40 | G9: - | H9: =F9 | I9: 1116 | J9: =H9*I9 | K9: GEÇMİŞ TEKLİF UYARLAMA | L9: REF
B10: 2012.A | C10: Otomatik gerdirme tertibatı (ağırlıklı, kontak + 2 destek) | D10: takım | E10: 48 | F10: 48 | G10: - | H10: =F10 | I10: 2500 | J10: =H10*I10 | K10: GEÇMİŞ TEKLİF UYARLAMA | L10: REF BF (49 ref)
B11: 2012.A | C11: Antişöminman (mid-point) düzenlemesi | D11: takım | E11: 24 | F11: 24 | G11: - | H11: =F11 | I11: 1164 | J11: =H11*I11 | K11: GEÇMİŞ TEKLİF UYARLAMA | L11: REF BF (28 ref)
B12: 2012.A | C12: Ankraj lentesi teçhizatı (ana hat) | D12: takım | E12: 66 | F12: 0 | G12: - | H12: =F12 | I12: 485 | J12: =H12*I12 | K12: KAPSAM DIŞI (0) | L12: REF | M12: İdare soru 6: ana hatta lente yok
B13: 2012.A | C13: Ankraj lentesi temeli – kazı (ana hat) | D13: m³ | E13: 1014.8 | F13: 0 | G13: - | H13: =F13 | I13: 8 | J13: =H13*I13 | K13: KAPSAM DIŞI (0) | L13: TAHMİN | M13: İdare soru 6
B14: 2012.A | C14: Ankraj lentesi temeli – grobeton C16 | D14: m³ | E14: 48.1 | F14: 0 | G14: - | H14: =F14 | I14: 75 | J14: =H14*I14 | K14: KAPSAM DIŞI (0) | L14: TAHMİN | M14: İdare soru 6
B15: 2012.A | C15: Ankraj lentesi temeli – C25/30 beton | D15: m³ | E15: 618.8 | F15: 0 | G15: - | H15: =F15 | I15: 95 | J15: =H15*I15 | K15: KAPSAM DIŞI (0) | L15: TAHMİN | M15: İdare soru 6
B16: 2012.A | C16: Ankraj lentesi temeli – kalıp | D16: m² | E16: 990 | F16: 0 | G16: - | H16: =F16 | I16: 15 | J16: =H16*I16 | K16: KAPSAM DIŞI (0) | L16: TAHMİN | M16: İdare soru 6
B17: 2012.A | C17: Ankraj lentesi temeli – donatı B500C | D17: kg | E17: 37125 | F17: 0 | G17: - | H17: =F17 | I17: 0.9 | J17: =H17*I17 | K17: KAPSAM DIŞI (0) | L17: TAHMİN | M17: İdare soru 6
B18: 2012.A | C18: Ankraj lentesi temeli – ankraj çubuğu/gömme plaka M36 | D18: takım | E18: 66 | F18: 0 | G18: - | H18: =F18 | I18: 250 | J18: =H18*I18 | K18: KAPSAM DIŞI (0) | L18: TAHMİN | M18: İdare soru 6
B19: 2012.A | C19: Ankraj lentesi temeli – geri dolgu | D19: m³ | E19: 348 | F19: 0 | G19: - | H19: =F19 | I19: 6 | J19: =H19*I19 | K19: KAPSAM DIŞI (0) | L19: TAHMİN | M19: İdare soru 6
B20: 2012.A | C20: Ankraj direk başı bağlantı (ankraj konsolu, gergi klemensi) | D20: adet | E20: 78 | F20: 78 | G20: - | H20: =F20 | I20: 600 | J20: =H20*I20 | K20: MÜHENDİSLİK TAHMİNİ | L20: TAHMİN | M20: Lentesiz ankraj: T3-D direkleri
B21: 2012.A | C21: Hava aralıklı overlap (mekanik, izolesiz) | D21: adet | E21: 12 | F21: 12 | G21: - | H21: =F21 | I21: 3000 | J21: =H21*I21 | K21: MÜHENDİSLİK TAHMİNİ | L21: TAHMİN
B22: 2012.A | C22: Hava aralıklı izoleli seksiyon overlap (TM önü) | D22: adet | E22: 10 | F22: 10 | G22: - | H22: =F22 | I22: 4000 | J22: =H22*I22 | K22: MÜHENDİSLİK TAHMİNİ | L22: TAHMİN
B23: 2012.A | C23: Makas bölgesi hava makası | D23: adet | E23: 16 | F23: 16 | G23: - | H23: =F23 | I23: 2500 | J23: =H23*I23 | K23: MÜHENDİSLİK TAHMİNİ | L23: TAHMİN
B24: 2012.A | C24: Kruvazman katener kesişmesi | D24: adet | E24: 2 | F24: 2 | G24: - | H24: =F24 | I24: 5000 | J24: =H24*I24 | K24: MÜHENDİSLİK TAHMİNİ | L24: TAHMİN
B25: 2012.A | C25: Yaylı gerdirme tertibatı (makas diyagonalleri) | D25: takım | E25: 12 | F25: 12 | G25: - | H25: =F25 | I25: 1481 | J25: =H25*I25 | K25: GEÇMİŞ TEKLİF UYARLAMA | L25: REF BF (10 ref)
B26: 2012.A | C26: Seksiyon izolatörü ünitesi | D26: adet | E26: 8 | F26: 8 | G26: - | H26: =F26 | I26: 2070 | J26: =H26*I26 | K26: GEÇMİŞ TEKLİF UYARLAMA | L26: REF BF (21 ref) | M26: DeSA / Arthur Flury teklifi bekleniyor
B27: 2012.A | C27: Motorlu yük ayırıcı 4000 A DC, direk tipi, SCADA arabirimli | D27: adet | E27: 13 | F27: 13 | G27: - | H27: =F27 | I27: 6000 | J27: =H27*I27 | K27: GEÇMİŞ TEKLİF UYARLAMA | L27: REF medyan 4.825 + motor tahrik payı
B28: 2012.A | C28: Aşırı gerilim koruyucu VLD (ray–direk) | D28: adet | E28: 13 | F28: 13 | G28: - | H28: =F28 | I28: 594 | J28: =H28*I28 | K28: GEÇMİŞ TEKLİF UYARLAMA | L28: REF medyan (5 ref)
B29: 2012.A | C29: Besleme (fider) bağlantı düzeneği (bara izolatörü, 1×300 çıkış) | D29: takım | E29: 16 | F29: 16 | G29: - | H29: =F29 | I29: 1500 | J29: =H29*I29 | K29: MÜHENDİSLİK TAHMİNİ | L29: TAHMİN
B30: 2012.A | C30: Parafudr 1 kV DC 10 kA + toprak elektrodu | D30: takım | E30: 20 | F30: 20 | G30: - | H30: =F30 | I30: 744 | J30: =H30*I30 | K30: GEÇMİŞ TEKLİF UYARLAMA | L30: REF medyan (4 ref)
B31: 2012.A | C31: Akım köprüsü 95 mm² örgülü Cu | D31: adet | E31: 59 | F31: 59 | G31: - | H31: =F31 | I31: 461 | J31: =H31*I31 | K31: GEÇMİŞ TEKLİF UYARLAMA | L31: REF
B32: 2012.A | C32: Elektriksel jumper seti 95 mm² | D32: adet | E32: 44 | F32: 44 | G32: - | H32: =F32 | I32: 299 | J32: =H32*I32 | K32: GEÇMİŞ TEKLİF UYARLAMA | L32: REF
B33: 2012.A | C33: 95 mm² örgülü esnek Cu iletken | D33: m | E33: 339.9 | F33: 339.9 | G33: fire %10 | H33: =F33/IF(Varsayimlar!$B$21=1,1.1,1) | I33: 25 | J33: =H33*I33 | K33: MÜHENDİSLİK TAHMİNİ | L33: TAHMİN
B34: 2012.A | C34: Gömülü destek iletkeni 150 mm² Cu | D34: m | E34: 246.4 | F34: 246.4 | G34: fire %10 | H34: =F34/IF(Varsayimlar!$B$21=1,1.1,1) | I34: 35 | J34: =H34*I34 | K34: MÜHENDİSLİK TAHMİNİ | L34: TAHMİN
B35: 2012.A | C35: Destek iletkeni ekleri, pabuçlar, direk çıkış aparatları | D35: adet | E35: 16 | F35: 16 | G35: - | H35: =F35 | I35: 150 | J35: =H35*I35 | K35: MÜHENDİSLİK TAHMİNİ | L35: TAHMİN
B36: 2012.A | C36: Tünel/köprü taşıyıcı destek elemanı | D36: adet | E36: 2 | F36: 2 | G36: - | H36: =F36 | I36: 2000 | J36: =H36*I36 | K36: MÜHENDİSLİK TAHMİNİ | L36: TAHMİN
B37: 2012.A | C37: Direk numaralandırma levhası | D37: adet | E37: 228 | F37: 228 | G37: - | H37: =F37 | I37: 37 | J37: =H37*I37 | K37: GEÇMİŞ TEKLİF UYARLAMA | L37: REF (3 ref)
B38: 2012.A | C38: Ayırıcı motor enerji kablosu 3×2,5 NYY | D38: m | E38: 935 | F38: 935 | G38: fire %10 | H38: =F38/IF(Varsayimlar!$B$21=1,1.1,1) | I38: 4 | J38: =H38*I38 | K38: MÜHENDİSLİK TAHMİNİ | L38: TAHMİN
B39: 2012.A | C39: Ayırıcı kumanda/konum kablosu 12×1,5 + kilitleme teçhizatı | D39: m | E39: 935 | F39: 935 | G39: fire %10 | H39: =F39/IF(Varsayimlar!$B$21=1,1.1,1) | I39: 7 | J39: =H39*I39 | K39: MÜHENDİSLİK TAHMİNİ | L39: TAHMİN
B40: 2012.A | C40: Katener uygulama projesi, EN 50119 hesapları, direk statiği | D40: set | E40: 1 | F40: 1 | G40: - | H40: =F40 | I40: 47158 | J40: =H40*I40 | K40: GEÇMİŞ TEKLİF UYARLAMA | L40: REF medyan (4 ref)
B41: 2012.A | C41: Test, ölçüm, enerjilendirme, devreye alma; 2 yıllık yedek parça | D41: set | E41: 1 | F41: 1 | G41: - | H41: =F41 | I41: 60000 | J41: =H41*I41 | K41: MÜHENDİSLİK TAHMİNİ | L41: TAHMİN | M41: İdare: yedek parça listesi bağlayıcı (sıra 384)
A42: 221 | B42: 2012.B | C42: Depo Sahası ve Tesisleri Katener Sistemi | H42: RFQ tutarı → | I42: =SUMPRODUCT(E43:E74,I43:I74) | J42: =SUM(J43:J74)
B43: 2012.B | C43: Kontak teli 120 mm² Cu ETP – depo hatları | D43: m | E43: 5288.1 | F43: 5288.1 | G43: fire %10 | H43: =F43/IF(Varsayimlar!$B$21=1,1.1,1) | I43: 18 | J43: =H43*I43 | K43: GEÇMİŞ TEKLİF UYARLAMA | L43: REF + montaj
B44: 2012.B | C44: Yaylı gerdirme tertibatı (kontak teli) | D44: takım | E44: 42 | F44: 42 | G44: - | H44: =F44 | I44: 1100 | J44: =H44*I44 | K44: GEÇMİŞ TEKLİF UYARLAMA | L44: REF (2 ref)
B45: 2012.B | C45: Sabit ankraj / sabit germe tertibatı 10 kN | D45: takım | E45: 42 | F45: 42 | G45: - | H45: =F45 | I45: 517 | J45: =H45*I45 | K45: GEÇMİŞ TEKLİF UYARLAMA | L45: REF (6 ref)
B46: 2012.B | C46: Ankraj lentesi teçhizatı (depo ankraj direkleri) | D46: takım | E46: 21 | F46: 21 | G46: - | H46: =F46 | I46: 485 | J46: =H46*I46 | K46: GEÇMİŞ TEKLİF UYARLAMA | L46: REF | M46: İdare cevabı yalnız ana hat lentesi için
B47: 2012.B | C47: Hava makası (depo makasları) | D47: adet | E47: 40 | F47: 40 | G47: - | H47: =F47 | I47: 1500 | J47: =H47*I47 | K47: MÜHENDİSLİK TAHMİNİ | L47: TAHMİN
B48: 2012.B | C48: Kruvazman katener kesişmesi (depo) | D48: adet | E48: 1 | F48: 1 | G48: - | H48: =F48 | I48: 4000 | J48: =H48*I48 | K48: MÜHENDİSLİK TAHMİNİ | L48: TAHMİN
B49: 2012.B | C49: Headspan sistemi – komple | D49: takım | E49: 8 | F49: 8 | G49: - | H49: =F49 | I49: 1779 | J49: =H49*I49 | K49: GEÇMİŞ TEKLİF UYARLAMA | L49: REF (6 ref)
B50: 2012.B | C50: Headspan enine taşıyıcı + steady tel | D50: m | E50: 750.4 | F50: 750.4 | G50: fire %10 | H50: =F50/IF(Varsayimlar!$B$21=1,1.1,1) | I50: 20 | J50: =H50*I50 | K50: MÜHENDİSLİK TAHMİNİ | L50: TAHMİN
B51: 2012.B | C51: Headspan altı askı-rapel takımı | D51: adet | E51: 78 | F51: 78 | G51: - | H51: =F51 | I51: 250 | J51: =H51*I51 | K51: MÜHENDİSLİK TAHMİNİ | L51: TAHMİN
B52: 2012.B | C52: Konsol hoban komplesi (tek hat) – depo | D52: adet | E52: 29 | F52: 29 | G52: - | H52: =F52 | I52: 1116 | J52: =H52*I52 | K52: GEÇMİŞ TEKLİF UYARLAMA | L52: REF
B53: 2012.B | C53: Seksiyon izolatörü ünitesi (depo bölümleme) | D53: adet | E53: 10 | F53: 10 | G53: - | H53: =F53 | I53: 2070 | J53: =H53*I53 | K53: GEÇMİŞ TEKLİF UYARLAMA | L53: REF | M53: DeSA formu: depo 10 izolatör
B54: 2012.B | C54: Direk tipi motorlu ayırıcı 4000 A (SCADA) | D54: adet | E54: 6 | F54: 6 | G54: - | H54: =F54 | I54: 6000 | J54: =H54*I54 | K54: GEÇMİŞ TEKLİF UYARLAMA | L54: REF + motor
B55: 2012.B | C55: Topraklı elle kumandalı ayırıcı (kilitli kol) | D55: adet | E55: 4 | F55: 4 | G55: - | H55: =F55 | I55: 3553 | J55: =H55*I55 | K55: GEÇMİŞ TEKLİF UYARLAMA | L55: REF BF (18 ref)
B56: 2012.B | C56: Besleme bağlantı düzeneği depo | D56: takım | E56: 4 | F56: 4 | G56: - | H56: =F56 | I56: 1500 | J56: =H56*I56 | K56: MÜHENDİSLİK TAHMİNİ | L56: TAHMİN
B57: 2012.B | C57: Parafudr 1 kV DC + toprak elektrodu | D57: takım | E57: 4 | F57: 4 | G57: - | H57: =F57 | I57: 744 | J57: =H57*I57 | K57: GEÇMİŞ TEKLİF UYARLAMA | L57: REF
B58: 2012.B | C58: VLD ayırıcılı direkler | D58: adet | E58: 10 | F58: 10 | G58: - | H58: =F58 | I58: 594 | J58: =H58*I58 | K58: GEÇMİŞ TEKLİF UYARLAMA | L58: REF
B59: 2012.B | C59: Atölye katlanır (döner) katener mekanizması – A2/A3 | D59: set | E59: 2 | F59: 2 | G59: - | H59: =F59 | I59: 20534 | J59: =H59*I59 | K59: GEÇMİŞ TEKLİF UYARLAMA | L59: REF medyan (9 ref)
B60: 2012.B | C60: Atölye sabit kontak hattı A1 ~75 m | D60: set | E60: 1 | F60: 1 | G60: - | H60: =F60 | I60: 7702 | J60: =H60*I60 | K60: GEÇMİŞ TEKLİF UYARLAMA | L60: REF
B61: 2012.B | C61: Atölye ana kesicisi (DC) + kilitlenebilir hat ayırıcıları | D61: set | E61: 1 | F61: 1 | G61: - | H61: =F61 | I61: 25000 | J61: =H61*I61 | K61: MÜHENDİSLİK TAHMİNİ | L61: TAHMİN
B62: 2012.B | C62: Kilitleme sistemi (gezer vinç, katlanır katener, platform, kriko, kapılar) | D62: set | E62: 1 | F62: 1 | G62: - | H62: =F62 | I62: 40000 | J62: =H62*I62 | K62: MÜHENDİSLİK TAHMİNİ | L62: TAHMİN
B63: 2012.B | C63: Acil gerilim kesme butonu + 'katener enerjili' ikaz lambası | D63: adet | E63: 12 | F63: 12 | G63: - | H63: =F63 | I63: 600 | J63: =H63*I63 | K63: MÜHENDİSLİK TAHMİNİ | L63: TAHMİN
B64: 2012.B | C64: Atölye/depo katener güç ve kontrol kabloları | D64: m | E64: 1595 | F64: 1595 | G64: fire %10 | H64: =F64/IF(Varsayimlar!$B$21=1,1.1,1) | I64: 8 | J64: =H64*I64 | K64: MÜHENDİSLİK TAHMİNİ | L64: TAHMİN
B65: 2012.B | C65: Direk numaralandırma levhası (depo) | D65: adet | E65: 77 | F65: 77 | G65: - | H65: =F65 | I65: 37 | J65: =H65*I65 | K65: GEÇMİŞ TEKLİF UYARLAMA | L65: REF
B66: 2012.B | C66: Depo headspan/portal direği C tipi L=9 m | D66: adet | E66: 18 | F66: 0 | G66: - | H66: =F66 | I66: 0 | J66: =H66*I66 | K66: KAPSAM DIŞI (0) | L66: — | M66: İdare soru 7: depo direkleri cetvel direk kalemlerinde (çift sayım)
B67: 2012.B | C67: Depo headspan/portal direği C tipi L=8 m | D67: adet | E67: 12 | F67: 0 | G67: - | H67: =F67 | I67: 0 | J67: =H67*I67 | K67: KAPSAM DIŞI (0) | L67: — | M67: İdare soru 7
B68: 2012.B | C68: Depo ara direği A tipi L=8 m | D68: adet | E68: 26 | F68: 0 | G68: - | H68: =F68 | I68: 1821 | J68: =H68*I68 | K68: KAPSAM DIŞI (0) | L68: REF | M68: İdare soru 7
B69: 2012.B | C69: Depo ankraj direği D tipi L=8 m | D69: adet | E69: 21 | F69: 0 | G69: - | H69: =F69 | I69: 0 | J69: =H69*I69 | K69: KAPSAM DIŞI (0) | L69: — | M69: İdare soru 7
B70: 2012.B | C70: Depo direkleri çelik ağırlığı (galvaniz) | D70: kg | E70: 44194 | F70: 0 | G70: - | H70: =F70 | I70: =Varsayimlar!$B$13 | J70: =H70*I70 | K70: KAPSAM DIŞI (0) | L70: Varsayımlar | M70: İdare soru 7: çift sayım – düşüldü
B71: 2012.B | C71: Portal kirişi HEB-200 | D71: kg | E71: 3752 | F71: 0 | G71: - | H71: =F71 | I71: =Varsayimlar!$B$13 | J71: =H71*I71 | K71: KAPSAM DIŞI (0) | L71: Varsayımlar | M71: İdare soru 7
B72: 2012.B | C72: Depo direk temelleri (fore kazık Ø60, beton, donatı, bulon) | D72: set | E72: 1 | F72: 0 | G72: - | H72: =F72 | I72: 120000 | J72: =H72*I72 | K72: KAPSAM DIŞI (0) | L72: TAHMİN | M72: İdare soru 7: temeller sıra 13 (inşaat)
B73: 2012.B | C73: Depo lente temelleri (kazı, beton, kalıp, donatı, dolgu) | D73: set | E73: 1 | F73: 0 | G73: - | H73: =F73 | I73: 30000 | J73: =H73*I73 | K73: KAPSAM DIŞI (0) | L73: TAHMİN | M73: Temel işleri inşaat kapsamı (sıra 13)
B74: 2012.B | C74: Depo katener uygulama projesi, test ve devreye alma | D74: set | E74: 1 | F74: 1 | G74: - | H74: =F74 | I74: 25000 | J74: =H74*I74 | K74: MÜHENDİSLİK TAHMİNİ | L74: TAHMİN
A75: 222 | B75: 2012.C | C75: T1-A Tipi Katener Direği (114 adet) | H75: RFQ tutarı → | I75: =SUMPRODUCT(E76:E78,I76:I78) | J75: =SUM(J76:J78)
B76: 2012.C | C76: T1-A Tipi Katener Direği (114 adet) gövdesi – galvanizli çelik (imalat+galvaniz+dikim) | D76: kg | E76: 39216 | F76: 39216 | G76: - | H76: =F76 | I76: =Varsayimlar!$B$13 | J76: =H76*I76 | K76: GEÇMİŞ TEKLİF UYARLAMA | L76: REF medyan 1,80 €/kg + pay (Varsayımlar) | M76: Mitaş teklifi bekleniyor (dikişli S355)
B77: 2012.C | C77: T1-A Tipi Katener Direği (114 adet) ankraj bulonu M30 (somun+rondela HDG) | D77: adet | E77: 456 | F77: 456 | G77: - | H77: =F77 | I77: 22 | J77: =H77*I77 | K77: MÜHENDİSLİK TAHMİNİ | L77: TAHMİN | M77: Temel inşaat kapsamında
B78: 2012.C | C78: T1-A Tipi Katener Direği (114 adet) dikim/montaj (vinç, şakül, tork) | D78: adet | E78: 114 | F78: 114 | G78: - | H78: =F78 | I78: 300 | J78: =H78*I78 | K78: MÜHENDİSLİK TAHMİNİ | L78: TAHMİN
A79: 223 | B79: 2012.D | C79: T2-B Tipi Katener Direği (17 adet) | H79: RFQ tutarı → | I79: =SUMPRODUCT(E80:E82,I80:I82) | J79: =SUM(J80:J82)
B80: 2012.D | C80: T2-B Tipi Katener Direği (17 adet) gövdesi – galvanizli çelik (imalat+galvaniz+dikim) | D80: kg | E80: 7293 | F80: 7293 | G80: - | H80: =F80 | I80: =Varsayimlar!$B$13 | J80: =H80*I80 | K80: GEÇMİŞ TEKLİF UYARLAMA | L80: REF medyan 1,80 €/kg + pay (Varsayımlar) | M80: Mitaş teklifi bekleniyor (dikişli S355)
B81: 2012.D | C81: T2-B Tipi Katener Direği (17 adet) ankraj bulonu M30 (somun+rondela HDG) | D81: adet | E81: 136 | F81: 136 | G81: - | H81: =F81 | I81: 22 | J81: =H81*I81 | K81: MÜHENDİSLİK TAHMİNİ | L81: TAHMİN | M81: Temel inşaat kapsamında
B82: 2012.D | C82: T2-B Tipi Katener Direği (17 adet) dikim/montaj (vinç, şakül, tork) | D82: adet | E82: 17 | F82: 17 | G82: - | H82: =F82 | I82: 300 | J82: =H82*I82 | K82: MÜHENDİSLİK TAHMİNİ | L82: TAHMİN
A83: 224 | B83: 2012.E | C83: T2-B1 Tipi Katener Direği (4 adet) | H83: RFQ tutarı → | I83: =SUMPRODUCT(E84:E86,I84:I86) | J83: =SUM(J84:J86)
B84: 2012.E | C84: T2-B1 Tipi Katener Direği (4 adet) gövdesi – galvanizli çelik (imalat+galvaniz+dikim) | D84: kg | E84: 1452 | F84: 1452 | G84: - | H84: =F84 | I84: =Varsayimlar!$B$13 | J84: =H84*I84 | K84: GEÇMİŞ TEKLİF UYARLAMA | L84: REF medyan 1,80 €/kg + pay (Varsayımlar) | M84: Mitaş teklifi bekleniyor (dikişli S355)
B85: 2012.E | C85: T2-B1 Tipi Katener Direği (4 adet) ankraj bulonu M30 (somun+rondela HDG) | D85: adet | E85: 32 | F85: 32 | G85: - | H85: =F85 | I85: 22 | J85: =H85*I85 | K85: MÜHENDİSLİK TAHMİNİ | L85: TAHMİN | M85: Temel inşaat kapsamında
B86: 2012.E | C86: T2-B1 Tipi Katener Direği (4 adet) dikim/montaj (vinç, şakül, tork) | D86: adet | E86: 4 | F86: 4 | G86: - | H86: =F86 | I86: 300 | J86: =H86*I86 | K86: MÜHENDİSLİK TAHMİNİ | L86: TAHMİN
A87: 225 | B87: 2012.G | C87: T3-D Tipi Katener Direği (33 adet) | H87: RFQ tutarı → | I87: =SUMPRODUCT(E88:E90,I88:I90) | J87: =SUM(J88:J90)
B88: 2012.G | C88: T3-D Tipi Katener Direği (33 adet) gövdesi – galvanizli çelik (imalat+galvaniz+dikim) | D88: kg | E88: 21912 | F88: 21912 | G88: - | H88: =F88 | I88: =Varsayimlar!$B$13 | J88: =H88*I88 | K88: GEÇMİŞ TEKLİF UYARLAMA | L88: REF medyan 1,80 €/kg + pay (Varsayımlar) | M88: Mitaş teklifi bekleniyor (dikişli S355)
B89: 2012.G | C89: T3-D Tipi Katener Direği (33 adet) ankraj bulonu M30 (somun+rondela HDG) | D89: adet | E89: 330 | F89: 330 | G89: - | H89: =F89 | I89: 22 | J89: =H89*I89 | K89: MÜHENDİSLİK TAHMİNİ | L89: TAHMİN | M89: Temel inşaat kapsamında
B90: 2012.G | C90: T3-D Tipi Katener Direği (33 adet) dikim/montaj (vinç, şakül, tork) | D90: adet | E90: 33 | F90: 33 | G90: - | H90: =F90 | I90: 300 | J90: =H90*I90 | K90: MÜHENDİSLİK TAHMİNİ | L90: TAHMİN
A91: 226 | B91: 2012.F | C91: T3-C Tipi Katener Direği (60 adet) | H91: RFQ tutarı → | I91: =SUMPRODUCT(E92:E94,I92:I94) | J91: =SUM(J92:J94)
B92: 2012.F | C92: T3-C Tipi Katener Direği (60 adet) gövdesi – galvanizli çelik (imalat+galvaniz+dikim) | D92: kg | E92: 39840 | F92: 39840 | G92: - | H92: =F92 | I92: =Varsayimlar!$B$13 | J92: =H92*I92 | K92: GEÇMİŞ TEKLİF UYARLAMA | L92: REF medyan 1,80 €/kg + pay (Varsayımlar) | M92: Mitaş teklifi bekleniyor (dikişli S355)
B93: 2012.F | C93: T3-C Tipi Katener Direği (60 adet) ankraj bulonu M30 (somun+rondela HDG) | D93: adet | E93: 600 | F93: 600 | G93: - | H93: =F93 | I93: 22 | J93: =H93*I93 | K93: MÜHENDİSLİK TAHMİNİ | L93: TAHMİN | M93: Temel inşaat kapsamında
B94: 2012.F | C94: T3-C Tipi Katener Direği (60 adet) dikim/montaj (vinç, şakül, tork) | D94: adet | E94: 60 | F94: 60 | G94: - | H94: =F94 | I94: 300 | J94: =H94*I94 | K94: MÜHENDİSLİK TAHMİNİ | L94: TAHMİN
C96: TOPLAM (net metraj, idare cevaplarına göre) | J96: =J5+J42+J75+J79+J83+J87+J91
C97: Karşılaştırma: RFQ cetvel miktarlarıyla (şişirmeli, düzeltmesiz) tutar | J97: =I5+I42+I75+I79+I83+I87+I91
C98: Fark (metraj payları + idare cevapları) | J98: =J96-J97
C100: FİYAT TÜRÜNE GÖRE DAĞILIM
C101: 2026 TEKLİF | J101: =SUMIF($K$5:$K$94,"2026 TEKLİF",$J$5:$J$94) | K101: =IF($J$96=0,0,J101/$J$96)
C102: GEÇMİŞ TEKLİF UYARLAMA | J102: =SUMIF($K$5:$K$94,"GEÇMİŞ TEKLİF UYARLAMA",$J$5:$J$94) | K102: =IF($J$96=0,0,J102/$J$96)
C103: MÜHENDİSLİK TAHMİNİ | J103: =SUMIF($K$5:$K$94,"MÜHENDİSLİK TAHMİNİ",$J$5:$J$94) | K103: =IF($J$96=0,0,J103/$J$96)

Sheet Teklifler
A1: GELEN TEKLİFLER VE REFERANS KIYASLAR (06.10.2026 itibarıyla)
A3: Disiplin | B3: Firma | C3: Kapsam / not | D3: Tutar (orijinal) | E3: Para birimi | F3: Tutar (EUR) | G3: Birim fiyat (EUR) 1000 kg | H3: Birim fiyat (EUR) 800 kg | I3: Değerlendirme
A4: Asansör | B4: Schindler (Mert Can Oğlakkaya) | C4: 12 × 37.000 USD (işçilik dahil) + 1 × 800 kg 36.000 USD; bakım hariç | D4: 480000 | E4: USD | F4: =D4/IF(E4="USD",Varsayimlar!$B$4,IF(E4="TRY",Varsayimlar!$B$5,1)) | G4: =37000/Varsayimlar!$B$4 | H4: =36000/Varsayimlar!$B$4 | I4: Şartnameye uygun kabul; bütçede kullanıldı
A5: Asansör | B5: TK Elevator (Betül Okay) | C5: 12 × (24.000 malzeme + 8.000 işçilik) + 1 × 30.200; anti-vandal CAT-2 | D5: 414200 | E5: EUR | F5: =D5/IF(E5="USD",Varsayimlar!$B$4,IF(E5="TRY",Varsayimlar!$B$5,1)) | G5: 32000 | H5: 30200 | I5: Şartnameye uygun kabul; bütçede kullanıldı
A6: Asansör | B6: Emlift (teklif no 2026/E025, 05.10.2026) | C6: 12 × 1.500.000 TL + 1 × 1.500.000 TL; montaj dahil; teknik föyde antivandal/dış ortam yok, kapı 900×2000; kuyu aydınlatma ve topraklama hariç | D6: 19500000 | E6: TRY | F6: =D6/IF(E6="USD",Varsayimlar!$B$4,IF(E6="TRY",Varsayimlar!$B$5,1)) | G6: =1500000/Varsayimlar!$B$5 | H6: =1500000/Varsayimlar!$B$5 | I6: Sapmalı (şartname dışı detaylar); medyana dahil
A7: Sinyalizasyon + AVLS | B7: Point Link / CASCO (Çin) | C7: Sıra 228–235; DAP şantiye; KDV ve gümrük hariç; AI asistan imzalı yanıt | D7: 7281784 | E7: EUR | F7: =D7/IF(E7="USD",Varsayimlar!$B$4,IF(E7="TRY",Varsayimlar!$B$5,1)) | I7: Referanslara göre ~2,3 kat yüksek; kalem dökümü alınmadan bütçeye esas alınmadı (üst sınır kıyası)
A8: Sinyalizasyon | B8: Referans – sistem bazlı (makas başı) | C8: İzmir tramvay H&K 64.862 €/makas, Eminönü Elektroline 46.638 €/makas; ort. 55.750 €/makas × 56 | D8: 3121990 | E8: EUR | F8: =D8/IF(E8="USD",Varsayimlar!$B$4,IF(E8="TRY",Varsayimlar!$B$5,1)) | I8: EM_Butce_Tahmini Sistem sayfası (EUR Ağu-2026)
A9: Sinyalizasyon | B9: Referans – kalem bazlı (fiyatı bulunan 5/8 ana kalem) | C9: 228, 229, 230, 231, 234 sıraları; 232, 233, 235 fiyatsız | D9: 1802246 | E9: EUR | F9: =D9/IF(E9="USD",Varsayimlar!$B$4,IF(E9="TRY",Varsayimlar!$B$5,1)) | I9: EM_Butce_Tahmini Ozet sayfası
A10: Katener | B10: Referans – sistem bazlı (hat-km başı) | C10: İzmir (Usluel, Siemens), Samsun (Usluel, BBR) ort. 356.767 €/km × 6,56 km | D10: 2340390 | E10: EUR | F10: =D10/IF(E10="USD",Varsayimlar!$B$4,IF(E10="TRY",Varsayimlar!$B$5,1)) | I10: EM_Butce_Tahmini Sistem sayfası
A11: Katener | B11: Referans – kalem bazlı (6/7 ana kalem) | C11: 220 için konsol, iletken, gergi; 221 kısmi; direkler kg bazlı | D11: 2590010 | E11: EUR | F11: =D11/IF(E11="USD",Varsayimlar!$B$4,IF(E11="TRY",Varsayimlar!$B$5,1)) | I11: EM_Butce_Tahmini Ozet sayfası
A12: Cer gücü | B12: Referans – sistem bazlı (TM başı) | C12: İzmir Siemens, Bursa Haluk/MET, Kocaeli; ort. 672.038 €/TM × 5 (OG+trafo+redresör+DC; kablo hariç) | D12: 3360189 | E12: EUR | F12: =D12/IF(E12="USD",Varsayimlar!$B$4,IF(E12="TRY",Varsayimlar!$B$5,1)) | I12: EM_Butce_Tahmini Sistem sayfası
A13: AVLS (sıra 233–235) | B13: Mukan Rail (bütçesel, 06.10.2026) | C13: 233: 15 araç × 21.300 = 319.500; 234 merkez 314.500; 235 tasarım 154.000; 180 gün geçerli; kabin/UPS/omurga, işletme SIM hariç | D13: 788000 | E13: EUR | F13: =D13/IF(E13="USD",Varsayimlar!$B$4,IF(E13="TRY",Varsayimlar!$B$5,1)) | I13: Bütçeye işlendi (233 araç başı × 14 araç)
A14: Haberleşme | B14: Referans – kalem bazlı (fiyatı bulunan 54/86 ana kalem) + sistem bazlı ort. 1.121.764 | C14: İletim, telefon, telsiz, anons, CCTV, saat, erişim, SCADA, YBS, turnike | D14: 1721471 | E14: EUR | F14: =D14/IF(E14="USD",Varsayimlar!$B$4,IF(E14="TRY",Varsayimlar!$B$5,1)) | I14: EM_Butce_Tahmini Ozet sayfası (kalem bazlı)
A15: Asansör | B15: Referans – kalem bazlı (metro/tramvay asansör referansları medyanı) | C15: 1000 kg medyan 50.992 €, 800 kg 35.293 € | D15: 647200 | E15: EUR | F15: =D15/IF(E15="USD",Varsayimlar!$B$4,IF(E15="TRY",Varsayimlar!$B$5,1)) | G15: 50992 | H15: 35293 | I15: Metro referansları ağırlıklı; teklifler daha düşük
A17: Bekleyen / bütçe fiyatı istenen: Edoux, Adakon-Orona (asansör); Contirail/Mukan Rail (AVLS), Hanning & Kahl, Pintsch, INIT, Frauscher (sinyal); Mitaş, DeSA/Arthur Flury, Erbakır, Kambeton, La Farga, Galland, Revenga (katener); Best Transformer, Alfanar, Savronik, Alstom, Met-Eng, Tema (enerji).

Sheet Teklif_Durumu
A1: TEDARİKÇİ DÖNÜŞLERİ – serhat@mepcenter.com.tr Gmail taraması (29.09–06.10.2026) ve okunan teklif ekleri
A3: Tarih | B3: Firma | C3: Disiplin | D3: Durum | E3: Kapsam | F3: Ekler | G3: Not
A4: 2026-09-30 | B4: KONE Asansör | C4: ASANSOR | D4: DIGER | E4: Asansör paketi | G4: Müşteri hizmetleri iletişim bilgisi istedi, Serhat 30.09 cevapladı. Ayrıca 3 otomatik dosya no maili (Kc-47493420, Kc-47496026, Kc-47499695). Teklif yok
A5: 2026-10-02 | B5: TK Asansör (Adana bölge) | C5: ASANSOR | D5: DIGER | G5: Hatırlatma mailine boş yanıt (yalnız imza + jpeg görsel). Teklif Betül Okay üzerinden geldi
A6: 2026-10-02 | B6: AdakonLift (Orona Türkiye distribütörü) | C6: ASANSOR | D6: SORU | E6: Asansör paketi | G6: Şartnamedeki yerli üretim / en az %80 yerli katkı şartı; sadece ithal ürün (Orona) önerebiliyor, şartnameden farklı uygulama sordu. Serhat: şart değişmez; sapmayı belirterek bütçesel ithal fiyat istedi (02.10). Yanıt yok
A7: 2026-10-01 | B7: Schindler Türkeli Asansör | C7: ASANSOR | D7: TEKLIF_EKTE | E7: Sıra 364 (12 set üst geçit) + Sıra 365 (1 set idari bina) asansörleri – ön fiyat teklifi | F7: URF_1Etap_ASANSOR_Teklif_Talebi.xlsx | G7: Gövdede tutar yok ('ön fiyat teklifimizi ekte'); fiyat doldurulmuş Excel'de. Kullanıcının bildirdiği 480.000 USD e-posta metninde geçmiyor
A8: 2026-10-02 | B8: TK Asansör (TK Elevator) | C8: ASANSOR | D8: TEKLIF_EKTE | E8: 12 üst geçit asansörü (anti vandal CAT-2) + idari bina asansörü | F8: TK ASANSÖR HALİLİYE EYYÜBİYE HAFİF RAYLI SİSTEM FİYAT TEKLİFİ -R0.pdf; URF_1Etap_ASANSOR_Teklif_Talebi.xlsx | G8: Gövde: '12 adet üst geçit asansörleri anti vandal CAT-2'ye göre tekliflendirilmiştir'. Tutar gövdede yok; kullanıcının bildirdiği 414.200 EUR PDF'te olmalı
A9: 2026-10-05 | B9: Emlift Asansör | C9: ASANSOR | D9: TEKLIF_EKTE | E9: 12 adet 2 duraklı 13 kişilik + 1 adet idari bina asansörü | F9: URF_1Etap_ASANSOR_Teklif_Talebi.xlsx; ÖZVER İNŞAAT İDARİ BİNA.pdf; ÖZVER İNŞAAT 2 DURAK 12 ADET ASANSÖR.pdf | G9: Gövde yalnızca 'İlgili dosyalar ekte yer almaktadır'
A10: 2026-10-02 | B10: Edoux Asansör | C10: ASANSOR | D10: VERECEK | E10: Asansör paketi | G10: Önce mimari proje istedi (SORU); Serhat ASANSOR_Ekler.zip linkini verdi; yanıt: 'İnşallah yetiştirmeye çalışacağız'
A11: 2026-10-05 | B11: Rayba Yapı | C11: DIGER | D11: TEKLIF_EKTE | E11: Demiryolu (ray/üstyapı) işleri + S-LINE kauçuk esaslı ray bağlantı sistemi | F11: Fiyat Teklifi-Şanlıurfa Tramvay İhalesi-02.10.2026.pdf; Fiyat Teklifi-(S-LINE) ŞANLIURFA HALİLİYE-EYYÜBİYE TRAMVAYI.pdf; S-LINE Sunum-TR.pdf | G11: İlk teklif 02.10; 05.10 düzeltme: 'Birim fiyat teklifi döviz cinsi EURO olup, bir önceki e-mail ile paylaşılan teklifte sehven TL yazıldığı için dikkate alınmamasını rica ederiz'. 05.10 20:26'da teklif + S-LINE teklifi yeniden gönderildi. Mail To: rayba@raybayapi.com (Serhat BCC/dağıtım)
A12: 2026-10-02 | B12: Orest Teknoloji | C12: ELEKTRIK | D12: SORU | E12: Listedeki işler yapabilecekleri kapsamda | G12: Teklif verebilir ama 180 gün fiyat geçerliliğine çekince; iş başlangıcında güncel liste istedi. Serhat: kendi opsiyon/geçerlilik sürenizle verin, 07.10'a kadar
A13: 2026-10-02 | B13: Alfanar | C13: ELEKTRIK | D13: VERMIYOR | E13: 34,5 kV OG hücreleri | G13: Önce SORU: '36kV RMU ürünlerimiz 630A 16kA/1s'dir. SLD'de ürünler 1250A isteniyor.' Serhat: metal clad 1250A 25kA gerekli. Sonra: uygun ürün yok, teklif vermeyecek. Serhat 02.10 RMU için bütçe istedi; yanıt yok
A14: 2026-10-02 | B14: Tema Elektrik Sistemleri | C14: ELEKTRIK | D14: VERMIYOR | G14: 4 firma daha irtibat kurduğu için etik gereği teklif değerlendirmeme kararı; ihale alınırsa uygulamada çalışmak ister. Serhat bütçesel birim fiyat istedi; yanıt yok
A15: 2026-10-01 | B15: EVA Elektromekanik | C15: ELEKTRIK | D15: VERMIYOR | E15: OG hücreleri | G15: Metal Clad hücre üretimi yok (yalnız Metal Enclosed)
A16: 2026-10-01 | B16: DC Group | C16: ELEKTRIK | D16: VERMIYOR | E16: Elektrik ve Mekanik | G16: Metro/tramvay çalışmasına sıcak bakmıyorlar
A17: 2026-10-02 | B17: Teknim (→ Lev Mühendislik) | C17: ELEKTRIK | D17: YONLENDIRDI | E17: Yangın ihbar | G17: Lev Mühendislik – Enver Ertik (enver.ertik@levmuhendislik.com, 0533 170 48 64)'e yönlendirdi; Serhat 02.10 Enver Bey'e RFQ gönderdi, Lev'den yanıt yok
A18: 2026-10-02 | B18: BETAŞ (Best Transformer) | C18: ELEKTRIK | D18: YONLENDIRDI | E18: Cer ve iç ihtiyaç trafoları | F18: BETAŞ Catalogue.pdf | G18: Elektrik işleri faaliyet alanı dışı (154 kV+ EPC) → teklif yok; trafo için grup şirketi Gürkan Temel (gurkan.temel@besttransformer.com)'e yönlendirdi. Serhat 02.10 Gürkan Bey'e trafo RFQ gönderdi; yanıt yok
A19: 2026-10-01 | B19: Eaton | C19: ELEKTRIK | D19: YONLENDIRDI | G19: Teklif ve satış ekibine yönlendirdi; sonrasında yanıt yok
A20: 2026-10-01 | B20: Keenfinity | C20: HABERLESME | D20: DIGER | G20: Otomatik yanıt: bu kutu okunmuyor
A21: 2026-09-30 | B21: Atak Ulaşım | C21: HABERLESME | D21: DIGER | E21: Yolcu bilgilendirme (YBS) | G21: Telefonla görüşmek istedi; Serhat 01.10 YBS kalemlerini (sıra 310 vb.) özetledi; sonrasında yanıt yok
A22: 2026-09-30 | B22: Atılım Group | C22: HABERLESME | D22: SORU | G22: 'İş sizin uhdenizde mi?' Serhat 30.09: ihaleye katılıyoruz, ihale 13.10.2026. Sonra yanıt yok
A23: 2026-10-06 | B23: ON Elektronik (RayON) | C23: HABERLESME | D23: TEKLIF_EKTE | E23: Yalnız Merkezi Saat Sistemi (MSS) ve Yolcu Bilgilendirme Sistemi (YBS) – üretici olarak | F23: RayOn_Urfa_HRS_MSS_Keşfi_06102026.xlsx; RayOn_Urfa_HRS_YBS_Keşfi_06102026.xlsx; Tanıtım.zip; RayON_Referanslar_2026.pdf | G23: Bizim keşif üzerinden ilgili bölümler fiyatlandırılmış; tutar gövdede yok. Referans PDF'i ayrı FW mailiyle geldi
A24: 2026-10-02 | B24: Teknomaks | C24: HABERLESME | D24: YONLENDIRDI | E24: CCTV / video güvenlik | G24: Iqsight yönlendirmesi; Taylan Bey talebi Özgür Bey'e (bölge partneri) iletti; henüz teklif yok
A25: 2026-10-01 | B25: Iqsight (eski Bosch/Keenfinity) | C25: HABERLESME | D25: YONLENDIRDI | E25: CCTV / güvenlik | G25: Partnerler üzerinden; dağıtıcı Teknomaks (Taylan Akpınar)'a yönlendirdi
A26: 2026-10-01 | B26: DeSA Temsilcilik (Arthur Flury) | C26: KATENER | D26: SORU | E26: Seksiyon izolatörleri / nötr kesimler (Arthur Flury) | F26: AF SI konfigürasyonu formu.pdf | G26: İzolatör seçim formu gönderdi; teknik değerlendirme sonrası fiyat verecek. Serhat 01.10 temel verileri (750 V DC, hız vb.) iletti; fiyat henüz yok
A27: 2026-10-02 | B27: ER-BAKIR | C27: KATENER | D27: SORU | E27: Kontak teli 120 mm² Cu ETP, destek iletkeni 2x120 mm², 95 mm² örgülü esnek iletken, depo kontak teli | G27: İletken teknik detaylarını sordu (AC/BC tipi, ETP teyidi, standart, yapı; 3K120F000002 önerisi). Serhat 02.10 şartname bilgileriyle cevapladı
A28: 2026-10-05 | B28: Kambeton | C28: KATENER | D28: SORU | E28: Katener direkleri | G28: 'Teklif iletebilmemiz için direk tip ve adetlerinin net olması gerekmektedir.' Serhat 05.10: cetvelde net, teklif bekliyoruz
A29: 2026-10-01 | B29: Mitaş Endüstri | C29: KATENER | D29: VERECEK | E29: Katener direkleri Sıra 222-226: T1-A 114, T2-B 17, T2-B1 4, T3-D 33, T3-C 60 adet | F29: GUL-A-8-MONTAJ.PDF; GUL-B-8-MONTAJ.PDF; GUL-B1-8-MONTAJ.PDF; GUL-C-8-MONTAJ.PDF; GUL-D-8-MONTAJ.PDF | G29: İzmir projesi direk çizimleri ekte. C/D kendi çizimine, A/B/B1 proje taban plaklarına göre teklif çalışacak. S355 dikişli boru (dikişsizin ithal/pahalı olduğu, idareye dikişli boru belirtilmesi gerektiği); kesit kontrolü yapamıyorlar; ankraj bulonu ve direk başı kapağı detayı istedi. Serhat 01.10 cevapladı. Fiyat henüz yok
A30: 2026-10-01 | B30: Doruk Grup Enerji | C30: KATENER | D30: VERMIYOR | G30: Üretim programı 2027 Mart'a kadar dolu
A31: 2026-10-01 | B31: KAM A.Ş. | C31: KATENER | D31: VERMIYOR | G31: 'İstemiş olduğunuz ürünler üretim bandımızda bulunmamaktadır.' (Konu: 'kam aş'; hangi pakete yanıt olduğu belirtilmemiş, ENH satış – muhtemelen katener)
A32: 2026-09-30 | B32: Resa | C32: KATENER | D32: VERMIYOR | E32: Elektrik ve Katener | G32: Projede birlikte çalıştığı iş ortakları olduğundan teklif vermeyecek
A33: 2026-10-05 | B33: Protek | C33: MEKANIK | D33: SORU | E33: FM200 gazlı söndürme (5005.H, D01 elektrik/elektronik odaları; mekanik cetvel sıra 350) | G33: 01.10: mekanik kapsamı/gazlı söndürme sordu (Serhat mekanik cetveli gönderdi). 05.10: '3 zon'un anlamı, oda hacimleri, 83 L silindire kaç kg gaz, tek silindir/3 panel mi, 3 selector vana mı' sordu; FM200 ile devam ekonomik dedi. Gövdede fiyat YOK. Serhat 05.10 cevapladı
A34: 2026-10-03 | B34: Ekura | C34: MEKANIK | D34: VERECEK | E34: Mekanik tesisat paketi | G34: Birkaç gün gecikmeyle gönderecek; zaman olsa tüm mekanik paketi (yürüyen merdiven, asansör, jeneratör dahil) bütçeleyebilir. Serhat en geç 09.10.2026 dedi
A35: 2026-10-05 | B35: MET Mühendislik | C35: MEKANIK | D35: VERMIYOR | G35: Rekabetçi fiyat veremeyeceği için çalışmayacak. Serhat bütçesel fiyat istedi; yanıt yok
A36: 2026-10-05 | B36: Demta | C36: MEKANIK | D36: VERMIYOR | G36: İlave değer katamayacağımızı düşünüyoruz; ihaleye katılmayacak
A37: 2026-09-30 | B37: Birleşim Grup | C37: MEKANIK | D37: VERMIYOR | G37: Mevcut iş yoğunluğu
A38: 2026-09-30 | B38: Genç Mühendislik | C38: MEKANIK | D38: VERMIYOR | G38: Önce tanışma süreci tercih; yoğun ihale programı; yalnızca fiyat vermek için teklif sunmuyor
A39: 2026-10-01 | B39: Hanning & Kahl | C39: SINYAL | D39: DIGER | G39: Otomatik yanıt: 02.10.2026'ya kadar ofis dışı
A40: 2026-10-06 | B40: Mukan Rail / Contirail | C40: SINYAL | D40: TEKLIF_EKTE | E40: Araç Takip Sistemi (AVLS): Sıra 233/Poz 3002, Sıra 234/Poz 3003, Sıra 235/Poz 3004 | F40: MUKAN Rail Butcesel Teklif - Sanliurfa HRS 1 Etap AVLS 2026-1327584.pdf; MUKAN Rail Teknik Foy ve Marka Sinifi - Sanliurfa HRS 1 Etap AVLS 2026-1327584.pdf; URF_1Etap_SINYALIZASYON_Teklif_Cetveli_MUKAN_AVLS.xlsx | G40: 02.10 E. Tuncer 11 teknik soru sordu (YBS kapsamı, belediye AVLS/API, 15 araç, lup arayüzü, sürücü/sefer no, 3 sn/10 sn güncelleme, SIM, dolap/UPS/switch, 2 sunucu+NAS, ticari koşullar, takvim); Serhat varsayımlarla cevapladı; Tuncer kabul etti. 06.10 bütçesel teklif ekte; gövdede tutar yok. Katener için teklif yok
A41: 2026-10-01 | B41: Hugotek | C41: SINYAL | D41: VERECEK | E41: Sinyalizasyon + araç takip | G41: 'Konu hakkında en kısa sürede sizlere ulaşmış olacağız' (net taahhüt değil)
A42: 2026-10-05 | B42: Alstom | C42: SINYAL | D42: VERMIYOR | E42: Sinyalizasyon + araç takip | G42: Detaylı çalışma için yeterli zaman yok, teklif sunamayacağız. Serhat 05.10 bütçesel (toplam/ana kalem) fiyat istedi; yanıt yok
A43: 2026-10-02 | B43: Savronik | C43: SINYAL | D43: VERMIYOR | E43: Sinyalizasyon + araç takip | G43: Teklif süresinin kısıtlı olması nedeniyle teklif vermeyecek. Serhat 02.10 bütçesel fiyat istedi; yanıt yok
A44: 2026-10-01 | B44: Anadolu Trafik | C44: SINYAL | D44: VERMIYOR | G44: Karayolu tünel ürünleri üretiyor; istenen ürünler yok
A45: 2026-10-01 | B45: EHT Mühendislik | C45: SINYAL | D45: VERMIYOR | F45: EHT MÜH TANITIM TR.pdf; design_guide_iecex_final.pdf | G45: Faaliyet alanına (ısıtma, makas ısıtıcı vb.) giren kalem yok
A46: 2026-10-01 | B46: Elmak | C46: SINYAL | D46: VERMIYOR | G46: Otomasyon SCADA hizmeti veriyor; ilgili kapsamlar için çalışmaları yok
A47: 2026-10-01 | B47: İntetra | C47: SINYAL | D47: YONLENDIRDI | E47: Sinyalizasyon + araç takip | G47: Mehmet Göktepe Bey dönüş yapacak; henüz yanıt yok
A50: EKLERDEN OKUNAN TEKLİF KALEMLERİ
A51: firma | B51: tarih | C51: disiplin | D51: sira | E51: poz | F51: kalem | G51: birim | H51: miktar | I51: malzeme_bf | J51: iscilik_bf | K51: para_birimi | L51: toplam | M51: not
A52: TK Elevator (TK Asansör) | B52: 2026-10-02 | C52: ASANSOR | D52: 364 | E52: 5010.A | F52: Asansör 13 kişi/1000 kg, 2 durak (zemin ±0,00 / üst geçit tabliyesi ~+7,46), MRL dişlisiz, DC beslemeli, VVVF, EN81-20/50/70/73, 1,0 m/s, cam+paslanmaz kabin — S09 Hızmalı Köprüsü üst geçidi | G52: adet | H52: 3 | I52: 24000 | J52: 8000 | K52: EUR | L52: 96000 | M52: Marka: TKE; PDF TR-2111355-R00: 12x32.000 + 1x30.200 = 414.200 EUR, malzeme+montaj+nakliye dahil, KDV hariç
A53: TK Elevator (TK Asansör) | B53: 2026-10-02 | C53: ASANSOR | D53: 364 | E53: 5010.A | F53: Asansör 13 kişi/1000 kg, 2 durak (zemin ±0,00 / üst geçit tabliyesi ~+7,46), MRL dişlisiz, DC beslemeli, VVVF, EN81-20/50/70/73, 1,0 m/s, cam+paslanmaz kabin — S10 Balıklıgöl üst geçidi | G53: adet | H53: 3 | I53: 24000 | J53: 8000 | K53: EUR | L53: 96000 | M53: Marka: TKE; PDF TR-2111355-R00: 12x32.000 + 1x30.200 = 414.200 EUR, malzeme+montaj+nakliye dahil, KDV hariç
A54: TK Elevator (TK Asansör) | B54: 2026-10-02 | C54: ASANSOR | D54: 364 | E54: 5010.A | F54: Asansör 13 kişi/1000 kg, 2 durak (zemin ±0,00 / üst geçit tabliyesi ~+7,46), MRL dişlisiz, DC beslemeli, VVVF, EN81-20/50/70/73, 1,0 m/s, cam+paslanmaz kabin — S11 Eyyüp Peygamber üst geçidi | G54: adet | H54: 3 | I54: 24000 | J54: 8000 | K54: EUR | L54: 96000 | M54: Marka: TKE; PDF TR-2111355-R00: 12x32.000 + 1x30.200 = 414.200 EUR, malzeme+montaj+nakliye dahil, KDV hariç
A55: TK Elevator (TK Asansör) | B55: 2026-10-02 | C55: ASANSOR | D55: 364 | E55: 5010.A | F55: Asansör 13 kişi/1000 kg, 2 durak (zemin ±0,00 / üst geçit tabliyesi ~+7,46), MRL dişlisiz, DC beslemeli, VVVF, EN81-20/50/70/73, 1,0 m/s, cam+paslanmaz kabin — S12 Rasathane üst geçidi | G55: adet | H55: 3 | I55: 24000 | J55: 8000 | K55: EUR | L55: 96000 | M55: Marka: TKE; PDF TR-2111355-R00: 12x32.000 + 1x30.200 = 414.200 EUR, malzeme+montaj+nakliye dahil, KDV hariç
A56: TK Elevator (TK Asansör) | B56: 2026-10-02 | C56: ASANSOR | D56: 365 | E56: 5010.B | F56: Asansör 10 kişi/800 kg, 2 durak (zemin/1. kat), MRL dişlisiz, DC beslemeli, VVVF, 1,0 m/s — D01 İdari Bina | G56: adet | H56: 1 | I56: 22650 | J56: 7550 | K56: EUR | L56: 30200 | M56: Marka: TKE; PDF TR-2111355-R00: 12x32.000 + 1x30.200 = 414.200 EUR, malzeme+montaj+nakliye dahil, KDV hariç
A57: Emlift (Elit İnşaat) | B57: 2026-10-05 | C57: ASANSOR | D57: 364 | E57: 5010.A | F57: Asansör 13 kişi/1000 kg, 2 durak (zemin ±0,00 / üst geçit tabliyesi ~+7,46), MRL dişlisiz, DC beslemeli, VVVF, EN81-20/50/70/73, 1,0 m/s, cam+paslanmaz kabin — S09 Hızmalı Köprüsü üst geçidi | G57: adet | H57: 3 | I57: 1500000 | K57: TL | L57: 4500000 | M57: Para birimi xlsx'te boş; PDF teklif 2026/E025 TL, KDV hariç (KDV %20 ayrı)
A58: Emlift (Elit İnşaat) | B58: 2026-10-05 | C58: ASANSOR | D58: 364 | E58: 5010.A | F58: Asansör 13 kişi/1000 kg, 2 durak (zemin ±0,00 / üst geçit tabliyesi ~+7,46), MRL dişlisiz, DC beslemeli, VVVF, EN81-20/50/70/73, 1,0 m/s, cam+paslanmaz kabin — S10 Balıklıgöl üst geçidi | G58: adet | H58: 3 | I58: 1500000 | K58: TL | L58: 4500000 | M58: Para birimi xlsx'te boş; PDF teklif 2026/E025 TL, KDV hariç (KDV %20 ayrı)
A59: Emlift (Elit İnşaat) | B59: 2026-10-05 | C59: ASANSOR | D59: 364 | E59: 5010.A | F59: Asansör 13 kişi/1000 kg, 2 durak (zemin ±0,00 / üst geçit tabliyesi ~+7,46), MRL dişlisiz, DC beslemeli, VVVF, EN81-20/50/70/73, 1,0 m/s, cam+paslanmaz kabin — S11 Eyyüp Peygamber üst geçidi | G59: adet | H59: 3 | I59: 1500000 | K59: TL | L59: 4500000 | M59: Para birimi xlsx'te boş; PDF teklif 2026/E025 TL, KDV hariç (KDV %20 ayrı)
A60: Emlift (Elit İnşaat) | B60: 2026-10-05 | C60: ASANSOR | D60: 364 | E60: 5010.A | F60: Asansör 13 kişi/1000 kg, 2 durak (zemin ±0,00 / üst geçit tabliyesi ~+7,46), MRL dişlisiz, DC beslemeli, VVVF, EN81-20/50/70/73, 1,0 m/s, cam+paslanmaz kabin — S12 Rasathane üst geçidi | G60: adet | H60: 3 | I60: 1500000 | K60: TL | L60: 4500000 | M60: Para birimi xlsx'te boş; PDF teklif 2026/E025 TL, KDV hariç (KDV %20 ayrı)
A61: Emlift (Elit İnşaat) | B61: 2026-10-05 | C61: ASANSOR | D61: 365 | E61: 5010.B | F61: Asansör 10 kişi/800 kg, 2 durak (zemin/1. kat), MRL dişlisiz, DC beslemeli, VVVF, 1,0 m/s — D01 İdari Bina | G61: adet | H61: 1 | I61: 1500000 | K61: TL | L61: 1500000 | M61: Para birimi xlsx'te boş; PDF teklif 2026/E025 TL, KDV hariç (KDV %20 ayrı)
A62: Mukan Rail | B62: 2026-10-05 | C62: SINYALIZASYON (AVLS) | D62: 233 | E62: 3002 | F62: Arac ustu AVLS bilgisayari (EN 50155, min 48 kanal GPS alicisi, GSM/LTE modem, odometri girisi) | G62: adet | H62: 15 | I62: 7500 | K62: EUR | L62: 112500 | M62: Marka: Moxa / Advantech / Teltonika (EN 50155); Bütçesel; montaj birim fiyata dahil, işçilik sütunu boş
A63: Mukan Rail | B63: 2026-10-05 | C63: SINYALIZASYON (AVLS) | D63: 233 | E63: 3002 | F63: Entegre GSM/GPS cati anteni + anten kablosu | G63: adet | H63: 15 | I63: 1400 | K63: EUR | L63: 21000 | M63: Marka: Huber+Suhner / Antonics / Panorama (IP69K); Bütçesel; montaj birim fiyata dahil, işçilik sütunu boş
A64: Mukan Rail | B64: 2026-10-05 | C64: SINYALIZASYON (AVLS) | D64: 233 | E64: 3002 | F64: Surucu HMI terminali (gecikme/sefer mesajlari, surucu-sefer no girisi) - her kabine 1 | G64: adet | H64: 30 | I64: 3400 | K64: EUR | L64: 102000 | M64: Marka: Advantech / Moxa (EN 50155 dokunmatik); Bütçesel; montaj birim fiyata dahil, işçilik sütunu boş
A65: Mukan Rail | B65: 2026-10-05 | C65: SINYALIZASYON (AVLS) | D65: 233 | E65: 3002 | F65: Arac ici arayuz: odometri/hiz, arac PIS/otomatik anons, sinyalizasyon paneli (arac/sefer no), kablaj ve montaj seti | G65: set | H65: 15 | I65: 2500 | K65: EUR | L65: 37500 | M65: Marka: MUKAN / Standart Araç Arayüz ve Montaj Kiti; Bütçesel; montaj birim fiyata dahil, işçilik sütunu boş
A66: Mukan Rail | B66: 2026-10-05 | C66: SINYALIZASYON (AVLS) | D66: 233 | E66: 3002 | F66: M2M data SIM / APN aktivasyonu (kurulum ve test donemi) | G66: adet | H66: 15 | I66: 300 | K66: EUR | L66: 4500 | M66: Marka: Turkcell / Vodafone / Türk Telekom M2M; Firma notu: 12 ay kurulum ve test dönemi. İşletme aboneliği dahil değildir.; Bütçesel; montaj birim fiyata dahil, işçilik sütunu boş
A67: Mukan Rail | B67: 2026-10-05 | C67: SINYALIZASYON (AVLS) | D67: 233 | E67: 3002 | F67: Depo veri indirme/konfigurasyon kablosuz erisim noktasi (depo park ve atolye) | G67: adet | H67: 2 | I67: 3500 | K67: EUR | L67: 7000 | M67: Marka: Moxa / Cisco / Aruba Endüstriyel Dış Ortam; Bütçesel; montaj birim fiyata dahil, işçilik sütunu boş
A68: Mukan Rail | B68: 2026-10-05 | C68: SINYALIZASYON (AVLS) | D68: 233 | E68: 3002 | F68: Hat boyu konum destegi: sinyalizasyon lup konum verisinin AVLS'ye aktarimi (ek saha donanimi yok) | G68: set | H68: 1 | I68: 8500 | K68: EUR | L68: 8500 | M68: Marka: MUKAN AVLS Sinyalizasyon Lup Adaptörü; Firma notu: Araç üstü konum birleştirme payı. Merkez lup adaptörü Sıra 234 yazılım satırındadır.; Bütçesel; montaj birim fiyata dahil, işçilik sütunu boş
... A84: Mukan Rail | B84: 2026-10-05 | C84: SINYALIZASYON (AVLS) | D84: 235 | E84: 3004 | F84: Uygulama projeleri, tek hat/mimari semalar, yerlesim projeleri, teknik hesap ve raporlar, test senaryolari, revizyonlar | G84: set | H84: 1 | I84: 34000 | K84: EUR | L84: 34000 | M84: Marka: MUKAN Tasarım & Mühendislik; Bütçesel; montaj birim fiyata dahil, işçilik sütunu boş
A85: Schindler Türkeli | B85: 2026-10-01 | C85: ASANSOR | D85: 364 | E85: 5010.A | F85: Asansör 13 kişi/1000 kg, 2 durak – 4 üst geçit × 3 | G85: adet | H85: 12 | I85: 37000 | J85: dahil | K85: USD | L85: 444000 | M85: Bakım ücreti dahil değildir (Excel eki)
A86: Schindler Türkeli | B86: 2026-10-01 | C86: ASANSOR | D86: 365 | E86: 5010.B | F86: Asansör 10 kişi/800 kg, 2 durak – D01 İdari Bina | G86: adet | H86: 1 | I86: 36000 | J86: dahil | K86: USD | L86: 36000 | M86: Genel toplam 480.000 USD
A87: ON Elektronik (RayON) | B87: 2026-10-06 | C87: ELEKTRIK-HABERLESME | D87: 281–289 | E87: 4011/4012 | F87: Merkezi saat sistemi (MSS) – kalem fiyatları Haberlesme sayfasında | G87: set | H87: 1 | K87: EUR | L87: 81600 | M87: Kablolar ana yüklenicide; mevcut depo entegrasyonu 2.500 € (idare: mevcut sistem yok)
A88: ON Elektronik (RayON) | B88: 2026-10-06 | C88: ELEKTRIK-HABERLESME | D88: 310–317 | E88: 4017/4018 | F88: Yolcu bilgilendirme sistemi (YBS) – 24 adet 55" dış ortam ekran, yazılım, tasarım | G88: set | H88: 1 | K88: EUR | L88: 171000 | M88: Kablolar ana yüklenicide; mevcut depo entegrasyonu 11.000 € (idare: mevcut sistem yok)

Sheet Idare_Duzeltme
A1: İDARE CEVAPLARI (05.10.2026) – BU BÜTÇEYE UYGULANAN DÜZELTMELER
A3: No | B3: Konu | C3: RFQ kabulü | D3: İdare cevabı | E3: Bütçeye etkisi | F3: Sayfa
A4: 1 | B4: Kavşak sinyal (229) | C4: TSKP + 64 trafik lambası + 64 direk + 2.695 m kablo dahil | D4: TSKP ve lambalar kapsam dışı; irtibat kablolaması kapsamda | E4: Düşüldü (TSP, lup, arayüz kablosu kalır) | F4: Sinyal
A5: 2 | B5: Araç adedi (231, 233) | C5: 15 araç | D5: 14 araç; araçlar ayrı ihale | E5: Araç başı kalemler 14'e indirildi | F5: Sinyal
A6: 3 | B6: Ana hat makasları | C6: 12 motorlu + 4 manuel | D6: Tüm makaslar motorlu | E6: +4 motor, +çubuk seti, +1 SKP (temkinli); manuel kalemler sıfır | F6: Sinyal
A7: 4 | B7: Depo makasları | C7: 20 motorlu + 20 manuel | D7: Tamamı motorlu | E7: +20 motor, +20 lamba, +16 dedektör, kablolar ×2; manuel sıfır | F7: Sinyal
A8: 6 | B8: Ana hat lentesi | C8: 66 lente + 68 temel | D8: Kullanılmayacak | E8: Lente teçhizatı ve temelleri düşüldü | F8: Katener
A9: 7 | B9: Depo direkleri | C9: 221 setinde 77 direk + temeller | D9: Cetvel direk kalemleri + sıra 13 | E9: Depo direk/temel kalemleri düşüldü (çift sayım) | F9: Katener
A10: 11 | B10: İstasyon UPS | C10: 2 saat | D10: İstasyon 20 dk; TM 2 saat | E10: Bu bütçede yalnız TM UPS'leri var (2 saat korundu) | F10: Cer_Guc
A11: 17 | B11: Mevcut sistem entegrasyonu | C11: Dahil | D11: Mevcut sistem yok | E11: Düşüldü | F11: Sinyal
A12: 18 | B12: Hat uzunluğu | C12: 6,56 km | D12: 6,44 km | E12: Hat boyu iletken/kablolar × 0,9817 | F12: Katener, Sinyal
A13: 21 | B13: OG ring (170) | C13: 7.000 m | D13: Tüm kesitler 7.964 m | E13: Kablo, muf, kelepçe güzergah oranında artırıldı | F13: Cer_Guc
A14: 22 | B14: TEİAŞ kablosu (171) | C14: 4 kablo/güzergah, 35.424 m | D14: Aynı | E14: Değişiklik yok | F14: Cer_Guc
A15: — | B15: İç ihtiyaç trafoları | C15: Belirtilmemişti | D15: Cu/Cu sargı zorunlu | E15: 250 / 2000 kVA trafolar Cu/Cu fiyatlandı | F15: Cer_Guc
A16: — | B16: Sıra 228 | C16: Tasarım | D16: Yalnız tasarım; ekipman 229–232 | E16: Uyumlu | F16: Sinyal
A17: 26 | B17: Kabin splitleri (6001.A–F) | C17: İstasyon mekaniğinde | D17: Sıra 143 kabin fiyatında | E17: Güvenlik kabini split kalemleri sıfırlandı | F17: Mekanik
A18: 11 | B18: İstasyon UPS aküsü | C18: 2 saat | D18: 20 dk; Göbeklitepe 10 kVA | E18: İstasyon UPS akü kalemleri 20 dk'ya göre fiyatlandı | F18: Elektrik_AG
A19: 24 | B19: İstasyon topraklama elektrodu | C19: Som bakır (112 adet) | D19: Galvaniz köşebent | E19: Elektrot birim fiyatı galvaniz köşebent | F19: Elektrik_AG
A20: 13 | B20: Hatboyu fiber | C20: 2×96 SM + 24 MM | D20: 24 ve 8 core SM | E20: Fiber kabloları 24/8 core SM olarak fiyatlandı | F20: Haberlesme
A21: 16 | B21: Saat sistemi | C21: 4 set (depo) | D21: Cevap yok | E21: Kabul korundu | F21: Haberlesme
A22: 14 | B22: Turnike adedi | C22: Cetvel 27 + 19 | D22: Onaylı mimari projeler | E22: Cetvel adedi kullanıldı; mimariden sayılınca güncellenmeli | F22: Haberlesme
A23: — | B23: Garanti / yedek parça | C23: — | D23: 24 ay; 2 yıllık yedek parça sıra 384'ten | E23: Katener test kalemine yedek parça payı dahil; sinyal yedekleri sıra 384'te | F23: —

Sheet Varsayimlar
A1: VARSAYIMLAR (sarı hücreler değiştirilebilir; tüm sayfalar formülle bağlıdır)
A3: Parametre | B3: Değer | C3: Kaynak / açıklama
A4: EUR/USD kuru | B4: 1.146 | C4: 21.09.2026 piyasa kapanışı (USD/EUR 0,8723). Teklif günü TCMB/ECB kuru ile güncelleyin.
A5: EUR/TRY kuru | B5: 56.1 | C5: 20.09.2026 TCMB efektif satış ~56,11. Teklif günü kuru ile güncelleyin.
A6: Hat uzunluğu – RFQ kabulü (km) | B6: 6.56 | C6: Katener şartnamesi; RFQ cetvellerinde kullanıldı
A7: Hat uzunluğu – idare cevabı (km) | B7: 6.44 | C7: İdare cevabı 05.10.2026, soru 18
A8: Hat boyu uzunluk düzeltme oranı | B8: =B6/B5 | C8: Hat boyu iletken/kablo uzunluklarına uygulanır
A9: Araç sayısı – RFQ kabulü | B9: 15 | C9: Sinyal RFQ kabul 5
A10: Araç sayısı – idare cevabı | B10: 14 | C10: İdare cevabı soru 2 (araçlar ayrı ihale; arayüz yüklenicide)
A11: OG ring güzergahı – RFQ (m) | B11: 7000 | C11: Sıra 170 RFQ
A12: OG ring güzergahı – idare cevabı (m) | B12: 7964 | C12: İdare cevabı soru 21 (tüm kesitler)
A13: Galvanizli katener direği çeliği, imalat+galvaniz+dikim (EUR/kg) | B13: 2.2 | C13: Referans medyanı 1,80 €/kg (2013–2016 tramvay) + yerli üretim/montaj payı; Mitaş teklifi gelince güncelleyin
A14: Risk/belirsizlik payı – Asansör | B14: 0.03 | C14: 2 firma teklifi var, kapsam net
A15: Risk/belirsizlik payı – Sinyalizasyon + AVLS | B15: 0.1 | C15: Ayrı sinyal projesi yok; miktarlar öngörü ağırlıklı; tek teklif (Point Link) aykırı
A16: Risk/belirsizlik payı – Katener | B16: 0.05 | C16: Proje var; fiyatlar referans + tahmin
A17: Risk/belirsizlik payı – Cer gücü / enerji temini | B17: 0.05 | C17: Proje var; teklif yok (Best Transformer, Alfanar bütçe bekleniyor)
A18: Risk/belirsizlik payı – Mekanik | B18: 0.05 | C18: Kalem bazlı; referans + tahmin; Ekura/Protek teklifleri bekleniyor
A19: Risk/belirsizlik payı – Elektrik AG / aydınlatma / yangın ihbar / topraklama | B19: 0.05 | C19: Kalem bazlı; referans kapsaması düşük
A20: Risk/belirsizlik payı – Kontrol ve haberleşme (SCADA, CCTV, telsiz, YBS, turnike) | B20: 0.05 | C20: Kalem bazlı; turnike adedi mimariden sayılacak
A21: Metraj payları geri alınsın mı? (1 = evet, 0 = RFQ metrajı) | B21: 1 | C21: RFQ'da bilinçli şişirme: uzunluklara %10 fire; Mekanik+Elektrik set alt kalemlerinde dağıtık malzemeye %30 (devir notu bölüm 10). Bütçe net metrajla hesaplanır.
A22: Fiyat esası | B22: EUR, Ekim 2026, KDV hariç, Şanlıurfa şantiye teslim, montaj+test+devreye alma dahil (taşeron fiyatı)
